TimeStep,SimulationTime,TotalElapsedTime,ForceCalcTime,PositionUpdateTime,VelocityUpdateTime,DataTransferTime,ForceCalcPercentage,PositionUpdatePercentage,VelocityUpdatePercentage,DataTransferPercentage,NumberOfBodies
0,0.000000,0.000000,0.000000,0.000000,0.000000,0.000000,-nan,-nan,-nan,-nan,1000
1,1.000000,0.091829,0.036935,0.027598,0.027245,0.000035,40.221798,30.053854,29.668900,0.038405,1000
2,2.000000,0.221312,0.080647,0.068176,0.072391,0.000104,36.440248,30.805315,32.709986,0.047100,1000
3,3.000000,0.330870,0.119847,0.113622,0.097241,0.000196,36.221801,34.340284,29.389566,0.059323,1000
4,4.000000,0.458854,0.168725,0.142314,0.147591,0.000292,36.770835,31.015115,32.165136,0.063679,1000
5,5.000000,0.591198,0.210440,0.189414,0.191063,0.000368,35.595581,32.039036,32.317856,0.062326,1000
6,6.000000,0.709363,0.242712,0.229186,0.237123,0.000456,34.215439,32.308669,33.427634,0.064292,1000
7,7.000000,0.839444,0.281646,0.271539,0.285860,0.000537,33.551506,32.347553,34.053533,0.064021,1000
8,8.000000,0.939237,0.321349,0.298300,0.319134,0.000617,34.213865,31.759857,33.977962,0.065646,1000
9,9.000000,1.080767,0.378154,0.340549,0.361551,0.000697,34.989432,31.509953,33.453158,0.064459,1000
10,10.000000,0.107762,0.036523,0.028904,0.042273,0.000050,33.892569,26.821768,39.227843,0.046179,1000
10,10.000000,1.188530,0.414678,0.369453,0.403824,0.000783,34.889981,31.084882,33.976741,0.065877,1000
11,11.000000,1.316302,0.466957,0.396204,0.452502,0.000866,35.474896,30.099740,34.376727,0.065797,1000
12,12.000000,1.412337,0.508102,0.423783,0.479725,0.001010,35.975952,30.005769,33.966749,0.071531,1000
13,13.000000,1.527552,0.551885,0.458706,0.516171,0.001091,36.128733,30.028851,33.790760,0.071448,1000
14,14.000000,1.677500,0.602199,0.511511,0.562942,0.001172,35.898587,30.492441,33.558403,0.069862,1000
15,15.000000,1.792113,0.641718,0.547142,0.602343,0.001259,35.807920,30.530533,33.610766,0.070259,1000
16,16.000000,1.903534,0.691690,0.585127,0.625720,0.001356,36.337144,30.738987,32.871517,0.071246,1000
17,17.000000,2.025025,0.732811,0.627443,0.663717,0.001435,36.187746,30.984454,32.775736,0.070846,1000
18,18.000000,2.113787,0.767808,0.658916,0.685958,0.001503,36.323836,31.172290,32.451635,0.071111,1000
19,19.000000,2.228280,0.811313,0.701310,0.714491,0.001586,36.409841,31.473174,32.064676,0.071172,1000
20,20.000000,0.099473,0.046543,0.025129,0.027744,0.000047,46.789115,25.262605,27.890557,0.047570,1000
20,20.000000,2.327753,0.857856,0.726440,0.742234,0.001667,36.853384,31.207775,31.886301,0.071596,1000
21,21.000000,2.453486,0.899275,0.770672,0.782258,0.001746,36.652937,31.411316,31.883544,0.071164,1000
22,22.000000,2.544473,0.936375,0.797475,0.809281,0.001824,36.800351,31.341466,31.805446,0.071697,1000
23,23.000000,2.664192,0.980484,0.844009,0.838255,0.001944,36.802283,31.679735,31.463771,0.072949,1000
24,24.000000,2.774074,1.023297,0.868709,0.880570,0.002020,36.887883,31.315276,31.742831,0.072822,1000
25,25.000000,2.902925,1.074097,0.901089,0.926171,0.002126,37.000489,31.040715,31.904758,0.073247,1000
26,26.000000,3.035932,1.123373,0.943612,0.967317,0.002212,37.002572,31.081461,31.862266,0.072874,1000
27,27.000000,3.137585,1.168575,0.969617,0.997697,0.002306,37.244400,30.903282,31.798254,0.073481,1000
28,28.000000,3.247497,1.210057,0.997003,1.038679,0.002392,37.261235,30.700666,31.983979,0.073654,1000
29,29.000000,3.383207,1.259766,1.040820,1.080810,0.002467,37.235845,30.764297,31.946312,0.072924,1000
30,30.000000,0.098397,0.036616,0.031307,0.030402,0.000060,37.211899,31.816537,30.896806,0.060686,1000
30,30.000000,3.481604,1.296381,1.072126,1.111212,0.002580,37.235168,30.794035,31.916651,0.074103,1000
31,31.000000,3.583224,1.333678,1.106255,1.141221,0.002792,37.220062,30.873179,31.848997,0.077913,1000
32,32.000000,3.695140,1.374065,1.149665,1.169205,0.002938,37.185736,31.112896,31.641696,0.079516,1000
33,33.000000,3.827277,1.419568,1.193894,1.211543,0.003033,37.090804,31.194329,31.655471,0.079248,1000
34,34.000000,3.936538,1.456014,1.237631,1.240551,0.003129,36.987164,31.439592,31.513755,0.079496,1000
35,35.000000,4.043029,1.502377,1.261664,1.276590,0.003207,37.159691,31.205902,31.575099,0.079327,1000
36,36.000000,4.165703,1.541583,1.303661,1.318006,0.003285,37.006539,31.295096,31.639472,0.078855,1000
37,37.000000,4.297154,1.583812,1.346901,1.363902,0.003387,36.857227,31.344017,31.739657,0.078825,1000
38,38.000000,4.390338,1.620295,1.373678,1.393757,0.003477,36.905928,31.288657,31.746003,0.079194,1000
39,39.000000,4.486891,1.658924,1.401153,1.424146,0.003560,36.972673,31.227710,31.740151,0.079333,1000
40,40.000000,0.087852,0.037428,0.023270,0.027096,0.000047,42.603524,26.488198,30.842942,0.053737,1000
40,40.000000,4.574743,1.696352,1.424424,1.451242,0.003640,37.080807,31.136694,31.722921,0.079560,1000
41,41.000000,4.702218,1.743469,1.470721,1.485237,0.003730,37.077583,31.277166,31.585888,0.079323,1000
42,42.000000,4.808066,1.775213,1.513841,1.516157,0.003819,36.921558,31.485451,31.533609,0.079430,1000
43,43.000000,4.923763,1.820031,1.556439,1.544376,0.003911,36.964231,31.610752,31.365760,0.079428,1000
44,44.000000,5.051173,1.863765,1.598734,1.585679,0.004020,36.897667,31.650745,31.392291,0.079593,1000
45,45.000000,5.156643,1.910431,1.625615,1.617536,0.004112,37.047962,31.524685,31.368004,0.079733,1000
46,46.000000,5.260319,1.954675,1.650821,1.651702,0.004194,37.158873,31.382522,31.399282,0.079725,1000
47,47.000000,5.397328,1.996367,1.693951,1.703825,0.004280,36.988052,31.384989,31.567942,0.079294,1000
48,48.000000,5.497239,2.033088,1.722656,1.738250,0.004364,36.983804,31.336754,31.620420,0.079391,1000
49,49.000000,5.591544,2.073921,1.747722,1.766601,0.004441,37.090317,31.256518,31.594159,0.079426,1000
50,50.000000,0.130961,0.059288,0.043816,0.027802,0.000044,45.271505,33.457527,21.228961,0.033402,1000
50,50.000000,5.722505,2.133209,1.791538,1.794403,0.004517,37.277545,31.306889,31.356949,0.078928,1000
51,51.000000,5.858960,2.177901,1.843742,1.833895,0.004611,37.172140,31.468756,31.300694,0.078697,1000
52,52.000000,5.998622,2.241172,1.880782,1.873173,0.004712,37.361455,31.353571,31.226727,0.078545,1000
53,53.000000,6.121205,2.274255,1.924027,1.919371,0.004794,37.153719,31.432155,31.356103,0.078315,1000
54,54.000000,6.229305,2.308156,1.951084,1.966450,0.004884,37.053190,31.321051,31.567730,0.078398,1000
55,55.000000,6.362921,2.355730,1.992957,2.010571,0.004954,37.022781,31.321418,31.598241,0.077852,1000
56,56.000000,6.477582,2.394058,2.024832,2.054962,0.005046,36.959128,31.259071,31.724209,0.077901,1000
57,57.000000,6.567705,2.431753,2.051967,2.080185,0.005151,37.025911,31.243290,31.672934,0.078422,1000
58,58.000000,6.693590,2.485553,2.078450,2.125720,0.005240,37.133329,31.051347,31.757543,0.078279,1000
59,59.000000,6.818277,2.522651,2.123110,2.168585,0.005329,36.998372,31.138518,31.805465,0.078151,1000
60,60.000000,0.113034,0.036704,0.032638,0.043614,0.000051,32.471715,28.874877,38.585185,0.045514,1000
60,60.000000,6.931311,2.559355,2.155749,2.212199,0.005418,36.924553,31.101603,31.916027,0.078169,1000
61,61.000000,7.052025,2.594720,2.200159,2.253079,0.005499,36.793968,31.198961,31.949393,0.077976,1000
62,62.000000,7.174624,2.626967,2.246439,2.297087,0.005588,36.614701,31.310890,32.016825,0.077885,1000
63,63.000000,7.293491,2.662425,2.288675,2.338178,0.005703,36.504130,31.379690,32.058422,0.078200,1000
64,64.000000,7.393517,2.709631,2.316099,2.363502,0.005800,36.648737,31.326082,31.967216,0.078447,1000
65,65.000000,7.516512,2.771390,2.347641,2.393134,0.005879,36.870699,31.233122,31.838357,0.078213,1000
66,66.000000,7.638597,2.812327,2.393383,2.428486,0.005957,36.817329,31.332753,31.792302,0.077980,1000
67,67.000000,7.740082,2.854635,2.424674,2.456327,0.006023,36.881195,31.326204,31.735151,0.077815,1000
68,68.000000,7.865329,2.896230,2.462556,2.502036,0.006104,36.822738,31.308995,31.810944,0.077602,1000
69,69.000000,7.964744,2.938670,2.491784,2.529701,0.006208,36.895970,31.285175,31.761239,0.077941,1000
70,70.000000,0.109525,0.053533,0.027447,0.028491,0.000042,48.876911,25.060008,26.012842,0.038147,1000
70,70.000000,8.074270,2.992202,2.519231,2.558192,0.006282,37.058488,31.200732,31.683263,0.077805,1000
71,71.000000,8.169348,3.031083,2.548764,2.584770,0.006413,37.103122,31.199116,31.639860,0.078499,1000
72,72.000000,8.281658,3.073857,2.590045,2.612965,0.006497,37.116442,31.274473,31.551231,0.078452,1000
73,73.000000,8.390177,3.121990,2.619614,2.643713,0.006593,37.210057,31.222387,31.509625,0.078582,1000
74,74.000000,8.495846,3.165527,2.649807,2.675576,0.006711,37.259707,31.189436,31.492760,0.078988,1000
75,75.000000,8.617307,3.203568,2.691309,2.717404,0.006811,37.175970,31.231443,31.534253,0.079036,1000
76,76.000000,8.751105,3.254233,2.732393,2.759331,0.006974,37.186532,31.223403,31.531230,0.079695,1000
77,77.000000,8.870331,3.292516,2.773554,2.799034,0.007074,37.118303,31.267758,31.555016,0.079745,1000
78,78.000000,8.968020,3.328136,2.802623,2.831959,0.007170,37.111160,31.251306,31.578424,0.079955,1000
79,79.000000,9.066271,3.369671,2.835292,2.855918,0.007287,37.167110,31.272965,31.500476,0.080374,1000
80,80.000000,0.134561,0.043139,0.046063,0.045289,0.000055,32.059302,34.232046,33.656957,0.040550,1000
80,80.000000,9.200831,3.412810,2.881355,2.901207,0.007379,37.092409,31.316241,31.532014,0.080200,1000
81,81.000000,9.316079,3.461609,2.906713,2.942224,0.007473,37.157366,31.201035,31.582213,0.080220,1000
82,82.000000,9.410248,3.502053,2.934344,2.968250,0.007579,37.215310,31.182429,31.542743,0.080540,1000
83,83.000000,9.498994,3.543475,2.957401,2.992449,0.007667,37.303688,31.133834,31.502793,0.080714,1000
84,84.000000,9.628113,3.587577,2.998864,3.035932,0.007767,37.261472,31.146957,31.531951,0.080673,1000
85,85.000000,9.747478,3.627496,3.037310,3.076863,0.007866,37.214714,31.159959,31.565737,0.080696,1000
86,86.000000,9.870040,3.664507,3.079891,3.119760,0.007967,37.127584,31.204440,31.608385,0.080724,1000
87,87.000000,9.982376,3.703265,3.127303,3.145823,0.008068,37.098029,31.328242,31.513775,0.080827,1000
88,88.000000,10.072319,3.738521,3.155692,3.172049,0.008171,37.116780,31.330344,31.492741,0.081123,1000
89,89.000000,10.164313,3.777175,3.186640,3.194372,0.008272,37.161140,31.351260,31.427331,0.081379,1000
90,90.000000,0.098426,0.044050,0.023471,0.030827,0.000066,44.755048,23.846629,31.319962,0.066755,1000
90,90.000000,10.262739,3.821225,3.210111,3.225199,0.008384,37.233970,31.279287,31.426301,0.081689,1000
91,91.000000,10.382637,3.857917,3.251450,3.267002,0.008472,37.157388,31.316224,31.466017,0.081596,1000
92,92.000000,10.498064,3.898440,3.292297,3.300986,0.008578,37.134841,31.360990,31.443758,0.081714,1000
93,93.000000,10.619940,3.936285,3.336267,3.340987,0.008660,37.065040,31.415117,31.459565,0.081541,1000
94,94.000000,10.708870,3.969987,3.366117,3.366297,0.008754,37.071947,31.432983,31.434659,0.081747,1000
95,95.000000,10.817961,4.009633,3.391632,3.410170,0.008832,37.064590,31.351861,31.523224,0.081646,1000
96,96.000000,10.950550,4.048777,3.436999,3.458168,0.008943,36.973277,31.386542,31.579852,0.081672,1000
97,97.000000,11.056151,4.082213,3.480934,3.486332,0.009035,36.922551,31.484138,31.532962,0.081716,1000
98,98.000000,11.155120,4.126966,3.509455,3.511958,0.009122,36.996162,31.460488,31.482923,0.081772,1000
99,99.000000,11.241590,4.168949,3.529145,3.536682,0.009235,37.085048,31.393643,31.460688,0.082148,1000
100,100.000000,0.131194,0.044410,0.044208,0.042495,0.000059,33.850634,33.696975,32.391349,0.044943,1000
100,100.000000,11.372784,4.213359,3.573353,3.579177,0.009340,37.047736,31.420214,31.471423,0.082129,1000
101,101.000000,11.480339,4.246794,3.620291,3.606295,0.009433,36.991884,31.534704,31.412787,0.082162,1000
102,102.000000,11.599432,4.293635,3.667170,3.631608,0.009515,37.015907,31.615080,31.308502,0.082034,1000
103,103.000000,11.729522,4.349429,3.699868,3.673147,0.009599,37.081045,31.543212,31.315400,0.081832,1000
104,104.000000,11.833861,4.389923,3.732009,3.704783,0.009688,37.096285,31.536703,31.306634,0.081868,1000
105,105.000000,11.939744,4.435439,3.761276,3.735827,0.009766,37.148522,31.502150,31.289004,0.081791,1000
106,106.000000,12.050053,4.485986,3.793736,3.763074,0.009841,37.227938,31.483146,31.228689,0.081671,1000
107,107.000000,12.186276,4.538450,3.835833,3.804672,0.009931,37.242304,31.476668,31.220956,0.081496,1000
108,108.000000,12.283179,4.575234,3.867377,3.833184,0.010018,37.247967,31.485144,31.206776,0.081559,1000
109,109.000000,12.377085,4.614766,3.894602,3.860255,0.010129,37.284761,31.466227,31.188722,0.081837,1000
110,110.000000,0.088262,0.041619,0.020115,0.026455,0.000056,47.154288,22.790290,29.973807,0.063000,1000
110,110.000000,12.465347,4.656386,3.914717,3.886710,0.010221,37.354643,31.404796,31.180120,0.081993,1000
111,111.000000,12.560659,4.701303,3.939646,3.912098,0.010339,37.428789,31.364959,31.145645,0.082312,1000
112,112.000000,12.682850,4.753570,3.968456,3.953147,0.010430,37.480296,31.289937,31.169230,0.082237,1000
113,113.000000,12.795477,4.790169,4.011932,3.985632,0.010511,37.436426,31.354300,31.148757,0.082143,1000
114,114.000000,12.903869,4.822455,4.055929,4.017686,0.010590,37.372168,31.431885,31.135513,0.082066,1000
115,115.000000,13.015350,4.864014,4.096699,4.046781,0.010667,37.371368,31.475907,31.092375,0.081955,1000
116,116.000000,13.131332,4.916943,4.125713,4.080765,0.010750,37.444359,31.418843,31.076549,0.081866,1000
117,117.000000,13.249207,4.957692,4.171878,4.111676,0.010819,37.418781,31.487754,31.033377,0.081659,1000
118,118.000000,13.368102,5.011514,4.205060,4.143298,0.010913,37.488594,31.455926,30.993910,0.081632,1000
119,119.000000,13.488501,5.044117,4.248285,4.187806,0.011004,37.395686,31.495602,31.047232,0.081583,1000
120,120.000000,0.097039,0.033004,0.043020,0.020950,0.000053,34.010715,44.332079,21.589167,0.054710,1000
120,120.000000,13.585540,5.077121,4.291304,4.208756,0.011097,37.371508,31.587290,30.979675,0.081683,1000
121,121.000000,13.700725,5.117028,4.322126,4.253151,0.011182,37.348590,31.546698,31.043252,0.081615,1000
122,122.000000,13.796704,5.156849,4.347790,4.283591,0.011251,37.377400,31.513252,31.047926,0.081550,1000
123,123.000000,13.907447,5.206537,4.382795,4.309571,0.011359,37.437045,31.514013,30.987509,0.081679,1000
124,124.000000,14.048013,5.295343,4.406298,4.337755,0.011458,37.694603,31.365985,30.878066,0.081564,1000
125,125.000000,14.173195,5.338174,4.450445,4.375886,0.011562,37.663872,31.400434,30.874377,0.081575,1000
126,126.000000,14.273920,5.374969,4.483955,4.406254,0.011636,37.655871,31.413619,30.869259,0.081516,1000
127,127.000000,14.383764,5.428891,4.515425,4.430653,0.011717,37.743188,31.392510,30.803151,0.081462,1000
128,128.000000,14.496609,5.474211,4.560033,4.453517,0.011791,37.762008,31.455858,30.721097,0.081338,1000
129,129.000000,14.617823,5.529165,4.600251,4.479500,0.011874,37.824816,31.470154,30.644097,0.081228,1000
130,130.000000,0.107535,0.034871,0.032708,0.039898,0.000048,32.427829,30.415804,37.102161,0.044888,1000
130,130.000000,14.725358,5.564036,4.632959,4.519398,0.011955,37.785404,31.462454,30.691259,0.081188,1000
131,131.000000,14.836266,5.609390,4.673203,4.544639,0.012060,37.808638,31.498512,30.631960,0.081288,1000
132,132.000000,14.971099,5.664248,4.712981,4.584763,0.012155,37.834551,31.480529,30.624092,0.081191,1000
133,133.000000,15.092022,5.707077,4.747984,4.627770,0.012278,37.815190,31.460223,30.663685,0.081355,1000
134,134.000000,15.198635,5.744924,4.775171,4.669277,0.012373,37.798948,31.418420,30.721686,0.081409,1000
135,135.000000,15.325969,5.794968,4.822177,4.699504,0.012454,37.811430,31.464090,30.663665,0.081260,1000
136,136.000000,15.437221,5.836843,4.864846,4.726148,0.012543,37.810193,31.513743,30.615275,0.081253,1000
137,137.000000,15.553280,5.883336,4.911750,4.748751,0.012624,37.826980,31.580157,30.532154,0.081164,1000
138,138.000000,15.672495,5.921103,4.962025,4.779845,0.012740,37.780222,31.660718,30.498303,0.081291,1000
139,139.000000,15.790840,5.968781,5.009967,4.802500,0.012838,37.799010,31.727049,30.413203,0.081303,1000
140,140.000000,0.116648,0.046300,0.041290,0.028998,0.000048,39.692531,35.397515,24.859485,0.041443,1000
140,140.000000,15.907488,6.015082,5.051258,4.831498,0.012920,37.812895,31.753964,30.372478,0.081219,1000
141,141.000000,16.014494,6.050822,5.094408,4.859554,0.012997,37.783414,31.811231,30.344724,0.081158,1000
142,142.000000,16.147224,6.102572,5.141312,4.893560,0.013098,37.793322,31.840224,30.305889,0.081115,1000
143,143.000000,16.236562,6.135765,5.167469,4.923481,0.013192,37.789804,31.826129,30.323422,0.081251,1000
144,144.000000,16.321455,6.176339,5.187596,4.947612,0.013274,37.841842,31.783904,30.313547,0.081331,1000
145,145.000000,16.443101,6.210083,5.234400,4.988636,0.013387,37.767102,31.833410,30.338779,0.081414,1000
146,146.000000,16.551729,6.246614,5.266938,5.028132,0.013473,37.739949,31.821076,30.378287,0.081398,1000
147,147.000000,16.660258,6.286958,5.309318,5.053874,0.013558,37.736261,31.868159,30.334906,0.081382,1000
148,148.000000,16.769396,6.333038,5.343319,5.082872,0.013643,37.765451,31.863518,30.310407,0.081358,1000
149,149.000000,16.879285,6.369805,5.378391,5.120862,0.013727,37.737407,31.863854,30.338147,0.081324,1000
150,150.000000,0.100995,0.044833,0.025257,0.030849,0.000045,44.391134,25.008579,30.545339,0.044711,1000
150,150.000000,16.980280,6.414637,5.403648,5.151711,0.013803,37.776981,31.823080,30.339379,0.081287,1000
151,151.000000,17.102588,6.464884,5.432728,5.194634,0.013885,37.800618,31.765533,30.373381,0.081188,1000
152,152.000000,17.229314,6.508771,5.475814,5.234312,0.013982,37.777310,31.781963,30.380271,0.081153,1000
153,153.000000,17.347287,6.552784,5.507694,5.276312,0.014092,37.774116,31.749601,30.415776,0.081236,1000
154,154.000000,17.443161,6.593261,5.535181,5.304158,0.014178,37.798544,31.732674,30.408241,0.081279,1000
155,155.000000,17.535983,6.635075,5.557697,5.332588,0.014262,37.836918,31.693101,30.409406,0.081329,1000
156,156.000000,17.627598,6.673807,5.584233,5.358868,0.014360,37.859988,31.678924,30.400441,0.081462,1000
157,157.000000,17.713382,6.711901,5.609856,5.380876,0.014441,37.891698,31.670159,30.377462,0.081527,1000
158,158.000000,17.798830,6.750427,5.633593,5.403997,0.014531,37.926241,31.651481,30.361527,0.081640,1000
159,159.000000,17.896379,6.794342,5.662271,5.428887,0.014626,37.964899,31.639196,30.335112,0.081726,1000
160,160.000000,0.105488,0.053926,0.026996,0.024503,0.000053,51.120220,25.592050,23.228103,0.049796,1000
160,160.000000,18.001867,6.848268,5.689267,5.453389,0.014716,38.041987,31.603761,30.293466,0.081744,1000
161,161.000000,18.137667,6.891752,5.734902,5.499996,0.014811,37.996903,31.618743,30.323612,0.081656,1000
162,162.000000,18.235390,6.928415,5.762646,5.533243,0.014907,37.994335,31.601442,30.343430,0.081746,1000
163,163.000000,18.318904,6.967956,5.783994,5.555796,0.015000,38.036972,31.573909,30.328213,0.081881,1000
164,164.000000,18.425229,7.021358,5.807693,5.584949,0.015091,38.107302,31.520329,30.311422,0.081903,1000
165,165.000000,18.517059,7.056317,5.834657,5.614774,0.015198,38.107115,31.509633,30.322169,0.082073,1000
166,166.000000,18.644947,7.101157,5.876098,5.656321,0.015281,38.086229,31.515765,30.337019,0.081956,1000
167,167.000000,18.735208,7.136545,5.903875,5.683349,0.015375,38.091624,31.512192,30.335128,0.082063,1000
168,168.000000,18.849886,7.180966,5.942378,5.715050,0.015451,38.095541,31.524741,30.318749,0.081970,1000
169,169.000000,18.978825,7.234496,5.987682,5.745091,0.015539,38.118778,31.549276,30.271058,0.081878,1000
170,170.000000,0.108649,0.045646,0.039263,0.023663,0.000060,42.011912,36.137719,21.779512,0.055477,1000
170,170.000000,19.087474,7.280142,6.026945,5.768754,0.015643,38.140939,31.575395,30.222723,0.081956,1000
171,171.000000,19.204117,7.335716,6.051346,5.805356,0.015728,38.198662,31.510670,30.229747,0.081898,1000
172,172.000000,19.334272,7.379618,6.097263,5.845632,0.015809,38.168587,31.536039,30.234558,0.081768,1000
173,173.000000,19.444503,7.417247,6.125298,5.890137,0.015897,38.145728,31.501435,30.292043,0.081757,1000
174,174.000000,19.570165,7.457810,6.167352,5.933114,0.015987,38.108058,31.514054,30.317140,0.081691,1000
175,175.000000,19.671248,7.504779,6.194317,5.960185,0.016096,38.151007,31.489191,30.298967,0.081823,1000
176,176.000000,19.758683,7.545373,6.217561,5.983718,0.016181,38.187631,31.467489,30.283994,0.081891,1000
177,177.000000,19.858346,7.582381,6.246464,6.017402,0.016273,38.182339,31.455107,30.301629,0.081945,1000
178,178.000000,19.993102,7.628900,6.289559,6.062472,0.016372,38.157661,31.458645,30.322818,0.081890,1000
179,179.000000,20.103908,7.665426,6.334910,6.091330,0.016473,38.129033,31.510838,30.299234,0.081939,1000
180,180.000000,0.133245,0.061131,0.028868,0.043196,0.000040,45.878788,21.665204,32.418261,0.029708,1000
180,180.000000,20.237153,7.726557,6.363778,6.134526,0.016545,38.180059,31.446012,30.313186,0.081756,1000
181,181.000000,20.358632,7.761351,6.405637,6.179279,0.016643,38.123145,31.463985,30.352135,0.081747,1000
182,182.000000,20.487203,7.800386,6.449995,6.224387,0.016738,38.074431,31.483043,30.381829,0.081698,1000
183,183.000000,20.616038,7.837590,6.494728,6.271212,0.016837,38.016957,31.503278,30.419096,0.081668,1000
184,184.000000,20.736907,7.879364,6.526678,6.318282,0.016938,37.996816,31.473730,30.468779,0.081683,1000
185,185.000000,20.855272,7.914113,6.569724,6.358780,0.017036,37.947783,31.501502,30.490036,0.081686,1000
186,186.000000,20.979745,7.950655,6.613949,6.402411,0.017134,37.896813,31.525401,30.517104,0.081672,1000
187,187.000000,21.109208,8.007799,6.655412,6.433204,0.017224,37.935100,31.528476,30.475817,0.081597,1000
188,188.000000,21.224398,8.050107,6.698220,6.463200,0.017326,37.928555,31.559057,30.451746,0.081631,1000
189,189.000000,21.321179,8.092551,6.724270,6.491427,0.017408,37.955459,31.537985,30.445912,0.081647,1000
190,190.000000,0.097969,0.046137,0.025939,0.025835,0.000048,47.093040,26.477067,26.370434,0.048780,1000
190,190.000000,21.419148,8.138688,6.750210,6.517262,0.017490,37.997254,31.514836,30.427271,0.081655,1000
191,191.000000,21.512668,8.177127,6.773661,6.548829,0.017576,38.010750,31.486849,30.441732,0.081701,1000
192,192.000000,21.623436,8.218574,6.801421,6.590324,0.017667,38.007716,31.453933,30.477689,0.081702,1000
193,193.000000,21.749942,8.263855,6.837930,6.634975,0.017753,37.994839,31.438840,30.505713,0.081625,1000
194,194.000000,21.856194,8.300234,6.880845,6.661867,0.017846,37.976576,31.482355,30.480454,0.081652,1000
195,195.000000,21.980284,8.340578,6.922247,6.704133,0.017959,37.945723,31.492983,30.500667,0.081704,1000
196,196.000000,22.084320,8.375670,6.963727,6.731516,0.018077,37.925866,31.532448,30.480974,0.081856,1000
197,197.000000,22.215128,8.420082,7.006313,6.775259,0.018172,37.902466,31.538475,30.498401,0.081802,1000
198,198.000000,22.314525,8.455843,7.034078,6.811040,0.018289,37.893895,31.522420,30.522898,0.081961,1000
199,199.000000,22.415436,8.500600,7.062062,6.839152,0.018368,37.922972,31.505354,30.510905,0.081942,1000
200,200.000000,0.096139,0.046995,0.023720,0.025361,0.000051,48.882764,24.672474,26.379753,0.052941,1000
200,200.000000,22.511575,8.547595,7.085782,6.864514,0.018452,37.969778,31.476173,30.493262,0.081967,1000
201,201.000000,22.617696,8.585116,7.113389,6.905434,0.018552,37.957515,31.450546,30.531112,0.082023,1000
202,202.000000,22.731023,8.629919,7.154815,6.932470,0.018633,37.965377,31.475993,30.497836,0.081970,1000
203,203.000000,22.852433,8.683743,7.181496,6.973267,0.018767,37.999207,31.425521,30.514329,0.082122,1000
204,204.000000,22.940438,8.719043,7.209631,6.997768,0.018862,38.007310,31.427610,30.504075,0.082221,1000
205,205.000000,23.034009,8.760960,7.233322,7.025664,0.018957,38.034890,31.402792,30.501263,0.082301,1000
206,206.000000,23.135010,8.801706,7.262809,7.056365,0.019047,38.044963,31.393151,30.500807,0.082329,1000
207,207.000000,23.250896,8.853930,7.291281,7.091496,0.019127,38.079953,31.359138,30.499884,0.082266,1000
208,208.000000,23.362965,8.897762,7.331283,7.119672,0.019211,38.084899,31.379933,30.474180,0.082230,1000
209,209.000000,23.492719,8.940377,7.373429,7.164601,0.019303,38.055946,31.386017,30.497112,0.082166,1000
210,210.000000,0.120797,0.035066,0.045644,0.040005,0.000069,29.028675,37.785476,33.117565,0.057137,1000
210,210.000000,23.613516,8.975442,7.419073,7.204606,0.019425,38.009766,31.418754,30.510517,0.082264,1000
211,211.000000,23.744881,9.016532,7.462601,7.251285,0.019519,37.972529,31.428251,30.538308,0.082203,1000
212,212.000000,23.841627,9.054337,7.500163,7.272595,0.019611,37.977011,31.458270,30.503770,0.082257,1000
213,213.000000,23.941903,9.103290,7.524823,7.299200,0.019692,38.022415,31.429511,30.487132,0.082250,1000
214,214.000000,24.074668,9.147160,7.572055,7.340799,0.019780,37.994959,31.452377,30.491796,0.082160,1000
215,215.000000,24.180563,9.196053,7.602079,7.367711,0.019874,38.030764,31.438799,30.469559,0.082191,1000
216,216.000000,24.280890,9.241882,7.625635,7.398592,0.019956,38.062370,31.405912,30.470842,0.082187,1000
217,217.000000,24.401076,9.287603,7.668097,7.430533,0.020041,38.062270,31.425240,30.451663,0.082131,1000
218,218.000000,24.508414,9.320841,7.699821,7.472847,0.020128,38.031188,31.417049,30.490944,0.082127,1000
219,219.000000,24.613782,9.361189,7.739255,7.498368,0.020218,38.032305,31.442771,30.464102,0.082139,1000
220,220.000000,0.123048,0.045180,0.042652,0.035154,0.000051,36.717769,34.663083,28.569447,0.041379,1000
220,220.000000,24.736830,9.406369,7.781907,7.533522,0.020303,38.025766,31.458790,30.454677,0.082077,1000
221,221.000000,24.836645,9.446321,7.813442,7.561773,0.020404,38.033805,31.459330,30.446032,0.082152,1000
222,222.000000,24.953331,9.487043,7.862351,7.588773,0.020480,38.019144,31.508223,30.411865,0.082071,1000
223,223.000000,25.048903,9.522586,7.893800,7.617297,0.020557,38.015979,31.513557,30.409704,0.082069,1000
224,224.000000,25.149544,9.567382,7.922093,7.644787,0.020644,38.041968,31.499946,30.397317,0.082083,1000
225,225.000000,25.262263,9.608465,7.954229,7.684226,0.020725,38.034855,31.486604,30.417805,0.082040,1000
226,226.000000,25.362217,9.656574,7.983853,7.706387,0.020805,38.074645,31.479317,30.385305,0.082031,1000
227,227.000000,25.471353,9.695633,8.010330,7.749923,0.020897,38.064853,31.448389,30.426036,0.082041,1000
228,228.000000,25.570101,9.737303,8.035479,7.781789,0.020979,38.080816,31.425291,30.433158,0.082047,1000
229,229.000000,25.696625,9.791075,8.085479,7.804478,0.021072,38.102569,31.465138,30.371605,0.082005,1000
230,230.000000,0.108129,0.043219,0.039287,0.025563,0.000049,39.969546,36.333024,23.641539,0.045291,1000
230,230.000000,25.804754,9.834293,8.124765,7.830041,0.021158,38.110393,31.485536,30.343404,0.081992,1000
231,231.000000,25.897243,9.872155,8.152849,7.856521,0.021241,38.120486,31.481531,30.337288,0.082022,1000
232,232.000000,26.018516,9.928434,8.172462,7.901841,0.021324,38.159108,31.410177,30.370067,0.081957,1000
233,233.000000,26.113060,9.970458,8.195630,7.931121,0.021429,38.181883,31.385176,30.372237,0.082061,1000
234,234.000000,26.242642,10.018990,8.236628,7.971115,0.021506,38.178284,31.386430,30.374665,0.081949,1000
235,235.000000,26.329045,10.052033,8.264139,7.996908,0.021582,38.178496,31.387917,30.372950,0.081971,1000
236,236.000000,26.427502,10.091997,8.291972,8.027515,0.021656,38.187482,31.376298,30.375610,0.081944,1000
237,237.000000,26.523298,10.132655,8.322103,8.052468,0.021730,38.202846,31.376576,30.359979,0.081929,1000
238,238.000000,26.624020,10.167109,8.366043,8.074734,0.021817,38.187729,31.422913,30.328757,0.081945,1000
239,239.000000,26.732063,10.205991,8.408081,8.101798,0.021905,38.178836,31.453168,30.307418,0.081941,1000
240,240.000000,0.100850,0.045564,0.031121,0.024114,0.000044,45.180144,30.858465,23.910744,0.043553,1000
240,240.000000,26.832913,10.251555,8.439201,8.125912,0.021978,38.205150,31.450933,30.283376,0.081908,1000
241,241.000000,26.954203,10.291027,8.483967,8.162913,0.022054,38.179675,31.475489,30.284380,0.081820,1000
242,242.000000,27.071869,10.325293,8.528520,8.201695,0.022139,38.140304,31.503255,30.296007,0.081777,1000
243,243.000000,27.205926,10.364946,8.579276,8.245264,0.022268,38.098117,31.534586,30.306870,0.081850,1000
244,244.000000,27.296750,10.405746,8.603373,8.271122,0.022361,38.120825,31.517937,30.300758,0.081919,1000
245,245.000000,27.386461,10.448094,8.626983,8.294813,0.022443,38.150581,31.500904,30.288005,0.081951,1000
246,246.000000,27.514460,10.490106,8.667746,8.339964,0.022551,38.125793,31.502512,30.311205,0.081961,1000
247,247.000000,27.617420,10.539376,8.698721,8.362620,0.022631,38.162059,31.497224,30.280238,0.081944,1000
248,248.000000,27.715090,10.578323,8.723595,8.396411,0.022713,38.168099,31.475977,30.295450,0.081951,1000
249,249.000000,27.803584,10.616597,8.747637,8.422524,0.022804,38.184275,31.462266,30.292945,0.082019,1000
250,250.000000,0.127205,0.041392,0.045959,0.039794,0.000049,32.539901,36.129997,31.283277,0.038476,1000
250,250.000000,27.930788,10.657989,8.793596,8.462318,0.022891,38.158569,31.483524,30.297455,0.081957,1000
251,251.000000,28.046822,10.700205,8.837932,8.491703,0.023032,38.151222,31.511350,30.276880,0.082119,1000
252,252.000000,28.138659,10.739984,8.864898,8.516745,0.023103,38.168073,31.504336,30.267059,0.082103,1000
253,253.000000,28.267627,10.784080,8.905783,8.560671,0.023186,38.149929,31.505238,30.284366,0.082022,1000
254,254.000000,28.357618,10.819596,8.934155,8.586706,0.023280,38.154108,31.505309,30.280069,0.082096,1000
255,255.000000,28.458295,10.863130,8.960867,8.617066,0.023392,38.172104,31.487716,30.279627,0.082196,1000
256,256.000000,28.571157,10.909485,8.984624,8.659761,0.023468,38.183560,31.446481,30.309450,0.082139,1000
257,257.000000,28.661096,10.944794,9.013364,8.685588,0.023552,38.186936,31.448077,30.304452,0.082174,1000
258,258.000000,28.752209,10.987098,9.037067,8.710624,0.023649,38.213058,31.430863,30.295496,0.082251,1000
259,259.000000,28.855871,11.028382,9.068013,8.741976,0.023752,38.218851,31.425193,30.295313,0.082312,1000
260,260.000000,0.109697,0.051806,0.030610,0.027219,0.000050,47.226157,27.904511,24.812715,0.045675,1000
260,260.000000,28.965568,11.080188,9.098623,8.769195,0.023838,38.252963,31.411859,30.274550,0.082297,1000
261,261.000000,29.071051,11.117891,9.139975,8.795541,0.023927,38.243857,31.440126,30.255326,0.082305,1000
262,262.000000,29.179810,11.161055,9.178569,8.822484,0.024007,38.249239,31.455207,30.234892,0.082272,1000
263,263.000000,29.270942,11.197819,9.204715,8.850655,0.024082,38.255750,31.446595,30.237000,0.082273,1000
264,264.000000,29.410844,11.249387,9.251708,8.891934,0.024165,38.249112,31.456791,30.233522,0.082163,1000
265,265.000000,29.552446,11.291045,9.306469,8.937042,0.024265,38.206803,31.491365,30.241294,0.082108,1000
266,266.000000,29.676330,11.325996,9.349389,8.982979,0.024366,38.165084,31.504534,30.269845,0.082105,1000
267,267.000000,29.778924,11.369792,9.376922,9.014177,0.024453,38.180668,31.488452,30.270324,0.082116,1000
268,268.000000,29.879451,11.414193,9.403403,9.043763,0.024534,38.200812,31.471139,30.267499,0.082108,1000
269,269.000000,30.006094,11.473561,9.427572,9.086794,0.024627,38.237436,31.418856,30.283161,0.082073,1000
270,270.000000,0.086953,0.037861,0.026436,0.022581,0.000063,43.541970,30.402271,25.969227,0.072417,1000
270,270.000000,30.093047,11.511422,9.454007,9.109375,0.024728,38.252764,31.415919,30.270696,0.082171,1000
271,271.000000,30.195410,11.549351,9.477290,9.150460,0.024814,38.248696,31.386525,30.304143,0.082178,1000
272,272.000000,30.307467,11.591785,9.520293,9.177012,0.024910,38.247290,31.412368,30.279707,0.082192,1000
273,273.000000,30.414448,11.649211,9.541850,9.204953,0.024989,38.301570,31.372755,30.265066,0.082161,1000
274,274.000000,30.538170,11.704499,9.573429,9.241746,0.025081,38.327441,31.349061,30.262934,0.082129,1000
275,275.000000,30.644607,11.750895,9.604612,9.270556,0.025150,38.345719,31.341933,30.251835,0.082070,1000
276,276.000000,30.756215,11.795985,9.646392,9.295236,0.025231,38.353176,31.364040,30.222301,0.082034,1000
277,277.000000,30.871512,11.837275,9.676085,9.339483,0.025321,38.343684,31.343089,30.252754,0.082021,1000
278,278.000000,30.972358,11.875240,9.708515,9.369874,0.025397,38.341413,31.345740,30.252376,0.082000,1000
279,279.000000,31.082123,11.914060,9.736922,9.412355,0.025477,38.330908,31.326439,30.282215,0.081967,1000
280,280.000000,0.125809,0.058244,0.023987,0.043516,0.000050,46.295683,19.066335,34.589069,0.040010,1000
280,280.000000,31.207932,11.972304,9.760910,9.455871,0.025560,38.363016,31.277015,30.299577,0.081904,1000
281,281.000000,31.325389,12.009112,9.803481,9.493878,0.025655,38.336673,31.295641,30.307296,0.081897,1000
282,282.000000,31.426263,12.044776,9.831229,9.531274,0.025749,38.327104,31.283482,30.329007,0.081934,1000
283,283.000000,31.568344,12.095576,9.879115,9.574608,0.025831,38.315524,31.294372,30.329777,0.081827,1000
284,284.000000,31.702345,12.142178,9.922055,9.618992,0.025929,38.300567,31.297544,30.341580,0.081790,1000
285,285.000000,31.826066,12.186361,9.962500,9.658015,0.026026,38.290506,31.302958,30.346242,0.081776,1000
286,286.000000,31.933009,12.219103,10.005922,9.688733,0.026112,38.264802,31.334104,30.340809,0.081771,1000
287,287.000000,32.043527,12.262546,10.033571,9.728111,0.026182,38.268402,31.312317,30.359053,0.081707,1000
288,288.000000,32.158416,12.303504,10.065296,9.770259,0.026263,38.259050,31.299103,30.381656,0.081667,1000
289,289.000000,32.266880,12.343533,10.107078,9.796851,0.026344,38.254498,31.323382,30.361940,0.081645,1000
290,290.000000,0.129251,0.045967,0.041430,0.041798,0.000044,35.563732,32.053732,32.338446,0.033688,1000
290,290.000000,32.396131,12.389500,10.148508,9.838649,0.026423,38.243763,31.326296,30.369826,0.081561,1000
291,291.000000,32.493403,12.433605,10.173809,9.866438,0.026519,38.265014,31.310384,30.364434,0.081613,1000
292,292.000000,32.596684,12.485906,10.197097,9.894078,0.026595,38.304223,31.282621,30.353020,0.081587,1000
293,293.000000,32.692801,12.533519,10.219742,9.919880,0.026672,38.337244,31.259917,30.342705,0.081583,1000
294,294.000000,32.828822,12.584623,10.260418,9.964074,0.026743,38.334067,31.254298,30.351602,0.081462,1000
295,295.000000,32.919731,12.621219,10.287783,9.990947,0.026845,38.339373,31.251116,30.349417,0.081547,1000
296,296.000000,33.040694,12.679064,10.311054,10.030719,0.026950,38.374084,31.207137,30.358682,0.081565,1000
297,297.000000,33.146726,12.715030,10.353801,10.057980,0.027030,38.359837,31.236269,30.343810,0.081547,1000
298,298.000000,33.261401,12.760404,10.380397,10.100626,0.027108,38.364001,31.208537,30.367411,0.081499,1000
299,299.000000,33.368316,12.814246,10.408392,10.125635,0.027209,38.402434,31.192439,30.345059,0.081542,1000
300,300.000000,0.106847,0.047386,0.028003,0.031407,0.000041,44.349028,26.208020,29.394418,0.037949,1000
300,300.000000,33.475163,12.861631,10.436394,10.157042,0.027281,38.421415,31.176530,30.342025,0.081496,1000
301,301.000000,33.602178,12.917416,10.478957,10.185647,0.027364,38.442199,31.185351,30.312460,0.081435,1000
302,302.000000,33.722577,12.969429,10.519597,10.213321,0.027467,38.459187,31.194525,30.286300,0.081450,1000
303,303.000000,33.837618,13.007419,10.552577,10.257311,0.027594,38.440705,31.185933,30.313338,0.081548,1000
304,304.000000,33.954314,13.054241,10.592582,10.287124,0.027673,38.446488,31.196574,30.296958,0.081502,1000
305,305.000000,34.080372,13.094469,10.635535,10.329935,0.027766,38.422317,31.207216,30.310511,0.081473,1000
306,306.000000,34.202252,13.129445,10.678761,10.373547,0.027860,38.387662,31.222393,30.330011,0.081456,1000
307,307.000000,34.321336,13.164508,10.719412,10.416839,0.027961,38.356630,31.232501,30.350914,0.081467,1000
308,308.000000,34.426189,13.207116,10.753611,10.444811,0.028067,38.363573,31.236716,30.339725,0.081527,1000
309,309.000000,34.536994,13.248056,10.798629,10.469602,0.028143,38.359031,31.266846,30.314168,0.081485,1000
310,310.000000,0.103441,0.043958,0.027425,0.031999,0.000048,42.495795,26.512417,30.934276,0.046820,1000
310,310.000000,34.640435,13.292014,10.826054,10.501601,0.028227,38.371384,31.252649,30.316020,0.081486,1000
311,311.000000,34.729691,13.335719,10.846105,10.527041,0.028309,38.398610,31.230066,30.311358,0.081513,1000
312,312.000000,34.826056,13.375108,10.877440,10.552618,0.028399,38.405464,31.233627,30.300928,0.081546,1000
313,313.000000,34.936931,13.412814,10.906910,10.596243,0.028489,38.391507,31.218857,30.329634,0.081544,1000
314,314.000000,35.043968,13.459034,10.940904,10.623001,0.028575,38.406135,31.220504,30.313350,0.081542,1000
315,315.000000,35.153042,13.498860,10.969200,10.663881,0.028671,38.400262,31.204128,30.335586,0.081560,1000
316,316.000000,35.252333,13.546452,10.994730,10.689991,0.028758,38.427106,31.188659,30.324207,0.081578,1000
317,317.000000,35.337909,13.584650,11.018656,10.713375,0.028845,38.442144,31.180836,30.316946,0.081626,1000
318,318.000000,35.463183,13.621070,11.063225,10.757570,0.028970,38.409045,31.196369,30.334476,0.081689,1000
319,319.000000,35.572310,13.656725,11.107519,10.786679,0.029063,38.391449,31.225185,30.323245,0.081700,1000
320,320.000000,0.106406,0.053149,0.028483,0.024715,0.000048,49.949071,26.767857,23.226748,0.044998,1000
320,320.000000,35.678716,13.709874,11.136002,10.811393,0.029144,38.425918,31.211891,30.302081,0.081684,1000
321,321.000000,35.782950,13.748463,11.163792,10.849181,0.029233,38.421827,31.198635,30.319414,0.081694,1000
322,322.000000,35.881855,13.792045,11.191709,10.876531,0.029312,38.437380,31.190442,30.312063,0.081690,1000
323,323.000000,36.012310,13.834840,11.236475,10.919365,0.029393,38.416974,31.201763,30.321200,0.081619,1000
324,324.000000,36.132985,13.886478,11.277332,10.947481,0.029482,38.431583,31.210630,30.297750,0.081594,1000
325,325.000000,36.241675,13.923236,11.318336,10.978347,0.029563,38.417751,31.230167,30.292052,0.081571,1000
326,326.000000,36.372025,13.965142,11.363144,11.021915,0.029662,38.395283,31.241438,30.303277,0.081551,1000
327,327.000000,36.459242,14.000488,11.392813,11.044053,0.029750,38.400381,31.248081,30.291504,0.081597,1000
328,328.000000,36.602467,14.048190,11.437799,11.094531,0.029829,38.380447,31.248711,30.310884,0.081495,1000
329,329.000000,36.723110,14.091842,11.473946,11.135307,0.029918,38.373226,31.244484,30.322343,0.081469,1000
330,330.000000,0.117228,0.048145,0.042678,0.026351,0.000045,41.069062,36.406108,22.478107,0.038262,1000
330,330.000000,36.840338,14.139986,11.516625,11.161658,0.029995,38.381804,31.260909,30.297382,0.081420,1000
331,331.000000,36.937043,14.181791,11.543528,11.189592,0.030081,38.394494,31.251899,30.293687,0.081440,1000
332,332.000000,37.045544,14.232194,11.569475,11.221666,0.030200,38.418100,31.230409,30.291542,0.081522,1000
333,333.000000,37.157649,14.272617,11.612276,11.250488,0.030281,38.410979,31.251375,30.277717,0.081492,1000
334,334.000000,37.255541,14.316145,11.640430,11.276634,0.030366,38.426887,31.244830,30.268341,0.081508,1000
335,335.000000,37.353168,14.357891,11.664732,11.308152,0.030452,38.438215,31.228225,30.273608,0.081524,1000
336,336.000000,37.444475,14.395153,11.695244,11.331634,0.030527,38.443996,31.233563,30.262499,0.081525,1000
337,337.000000,37.571331,14.449483,11.738246,11.361103,0.030601,38.458799,31.242560,30.238756,0.081447,1000
338,338.000000,37.661443,14.485894,11.764856,11.388135,0.030680,38.463459,31.238462,30.238180,0.081463,1000
339,339.000000,37.767401,14.524074,11.787905,11.432804,0.030760,38.456642,31.211852,30.271619,0.081445,1000
340,340.000000,0.096044,0.037183,0.027492,0.031287,0.000058,38.714307,28.624573,32.576175,0.059919,1000
340,340.000000,37.863445,14.561257,11.815397,11.464091,0.030861,38.457295,31.205289,30.277465,0.081506,1000
341,341.000000,37.954362,14.597823,11.842593,11.491188,0.030940,38.461515,31.202192,30.276331,0.081519,1000
342,342.000000,38.053141,14.636069,11.869329,11.524911,0.031046,38.462184,31.191456,30.286360,0.081585,1000
343,343.000000,38.161213,14.677464,11.907833,11.553029,0.031123,38.461733,31.204020,30.274272,0.081557,1000
344,344.000000,38.251491,14.714837,11.929751,11.583943,0.031215,38.468663,31.187676,30.283637,0.081605,1000
345,345.000000,38.353930,14.754528,11.963428,11.612956,0.031295,38.469403,31.192183,30.278399,0.081596,1000
346,346.000000,38.477233,14.798358,11.997510,11.658290,0.031378,38.460035,31.180803,30.299189,0.081548,1000
347,347.000000,38.565484,14.835180,12.023125,11.684038,0.031458,38.467508,31.175870,30.296619,0.081570,1000
348,348.000000,38.655416,14.875213,12.046352,11.710630,0.031574,38.481575,31.163425,30.294927,0.081680,1000
349,349.000000,38.751719,14.913541,12.073046,11.741844,0.031666,38.484851,31.154867,30.300189,0.081715,1000
350,350.000000,0.122266,0.044562,0.038366,0.039285,0.000043,36.446746,31.379355,32.130804,0.035171,1000
350,350.000000,38.873985,14.958103,12.111413,11.781129,0.031740,38.478441,31.155573,30.305946,0.081650,1000
351,351.000000,38.976893,15.009438,12.136742,11.807312,0.031824,38.508553,31.138300,30.293106,0.081649,1000
352,352.000000,39.089202,15.052097,12.162945,11.850698,0.031906,38.507047,31.115869,30.317063,0.081624,1000
353,353.000000,39.200902,15.106756,12.191135,11.879489,0.031992,38.536757,31.099120,30.304121,0.081610,1000
354,354.000000,39.326446,15.157689,12.225564,11.919594,0.032109,38.543247,31.087387,30.309361,0.081649,1000
355,355.000000,39.416453,15.194090,12.252152,11.946550,0.032198,38.547583,31.083852,30.308538,0.081687,1000
356,356.000000,39.520099,15.247175,12.276748,11.972462,0.032272,38.580811,31.064569,30.294616,0.081661,1000
357,357.000000,39.646386,15.303879,12.317946,12.000797,0.032346,38.600943,31.069530,30.269585,0.081585,1000
358,358.000000,39.741902,15.340505,12.345466,12.032099,0.032440,38.600330,31.064105,30.275599,0.081628,1000
359,359.000000,39.848535,15.377817,12.389229,12.057602,0.032518,38.590672,31.090801,30.258583,0.081604,1000
360,360.000000,0.112446,0.057332,0.024901,0.030148,0.000050,50.985934,22.144520,26.810741,0.044113,1000
360,360.000000,39.960980,15.435149,12.414129,12.087750,0.032605,38.625551,31.065627,30.248882,0.081592,1000
361,361.000000,40.057842,15.473534,12.442552,12.117735,0.032702,38.627978,31.061464,30.250593,0.081636,1000
362,362.000000,40.157833,15.517218,12.471975,12.144562,0.032781,38.640576,31.057390,30.242075,0.081630,1000
363,363.000000,40.256838,15.564625,12.496703,12.171366,0.032871,38.663307,31.042435,30.234282,0.081654,1000
364,364.000000,40.357737,15.601936,12.523456,12.208147,0.032946,38.659095,31.031116,30.249830,0.081636,1000
365,365.000000,40.483951,15.640772,12.569364,12.249550,0.033043,38.634501,31.047770,30.257793,0.081621,1000
366,366.000000,40.574824,15.678005,12.597495,12.274992,0.033151,38.639736,31.047564,30.252729,0.081704,1000
367,367.000000,40.680304,15.728461,12.623479,12.303971,0.033233,38.663578,31.030936,30.245524,0.081693,1000
368,368.000000,40.791167,15.772312,12.661747,12.332650,0.033321,38.665999,31.040415,30.233628,0.081686,1000
369,369.000000,40.902357,15.810714,12.692129,12.374995,0.033403,38.654775,31.030311,30.254967,0.081665,1000
370,370.000000,0.097877,0.045981,0.024563,0.027277,0.000045,46.978355,25.095760,27.868706,0.046267,1000
370,370.000000,41.000235,15.856695,12.716692,12.402272,0.033480,38.674645,31.016144,30.249270,0.081659,1000
371,371.000000,41.119283,15.910680,12.743535,12.440405,0.033593,38.693964,30.991628,30.254430,0.081697,1000
372,372.000000,41.242664,15.964553,12.785922,12.467458,0.033691,38.708830,31.001688,30.229518,0.081691,1000
373,373.000000,41.332570,16.001083,12.813893,12.492794,0.033778,38.713012,31.001927,30.225059,0.081723,1000
374,374.000000,41.453341,16.056030,12.856208,12.516251,0.033853,38.732778,31.013683,30.193589,0.081665,1000
375,375.000000,41.580166,16.103398,12.884136,12.567719,0.033939,38.728558,30.986254,30.225274,0.081623,1000
376,376.000000,41.695666,16.144498,12.927953,12.598239,0.034030,38.719846,31.005508,30.214743,0.081616,1000
377,377.000000,41.828761,16.187536,12.972184,12.643994,0.034121,38.699534,31.012594,30.227990,0.081573,1000
378,378.000000,41.922576,16.228418,12.997802,12.671246,0.034206,38.710450,31.004301,30.225352,0.081594,1000
379,379.000000,42.029284,16.267391,13.039341,12.697367,0.034307,38.704898,31.024419,30.210763,0.081627,1000
380,380.000000,0.114521,0.040181,0.030856,0.043422,0.000048,35.086304,26.943393,37.916016,0.041888,1000
380,380.000000,42.143805,16.307573,13.070197,12.740789,0.034390,38.695065,31.013329,30.231701,0.081601,1000
381,381.000000,42.252145,16.354156,13.104649,12.768039,0.034470,38.706097,31.015347,30.218676,0.081581,1000
382,382.000000,42.365700,16.397845,13.132397,12.810097,0.034556,38.705474,30.997711,30.236954,0.081566,1000
383,383.000000,42.464660,16.440489,13.161817,12.836935,0.034633,38.715697,30.994756,30.229691,0.081556,1000
384,384.000000,42.590105,16.478382,13.205399,12.880840,0.034722,38.690635,31.005792,30.243739,0.081527,1000
385,385.000000,42.680765,16.514055,13.233669,12.907488,0.034814,38.692032,31.006167,30.241933,0.081569,1000
386,386.000000,42.795358,16.555475,13.279067,12.935202,0.034895,38.685213,31.029224,30.225712,0.081540,1000
387,387.000000,42.890261,16.600578,13.306941,12.957068,0.034981,38.704773,31.025553,30.209814,0.081558,1000
388,388.000000,42.991840,16.645576,13.340184,12.980345,0.035061,38.717989,31.029573,30.192578,0.081553,1000
389,389.000000,43.087071,16.684154,13.368062,13.009062,0.035140,38.721950,31.025693,30.192495,0.081556,1000
390,390.000000,0.109023,0.043021,0.022966,0.042973,0.000053,39.459968,21.064974,39.416345,0.048172,1000
390,390.000000,43.196094,16.727175,13.391028,13.052035,0.035228,38.723813,31.000553,30.215775,0.081553,1000
391,391.000000,43.286587,16.765091,13.418574,13.076990,0.035320,38.730452,30.999381,30.210258,0.081596,1000
392,392.000000,43.413288,16.820701,13.444352,13.122240,0.035402,38.745512,30.968288,30.226320,0.081547,1000
393,393.000000,43.505278,16.858066,13.472359,13.148794,0.035488,38.749472,30.967184,30.223444,0.081572,1000
394,394.000000,43.616098,16.896938,13.520652,13.172380,0.035577,38.740142,30.999224,30.200731,0.081569,1000
395,395.000000,43.708564,16.935467,13.548562,13.198352,0.035658,38.746336,30.997501,30.196261,0.081580,1000
396,396.000000,43.842966,16.980677,13.596151,13.239895,0.035741,38.730676,31.011020,30.198447,0.081521,1000
397,397.000000,43.970997,17.022036,13.633760,13.288884,0.035840,38.711962,31.006256,30.221931,0.081509,1000
398,398.000000,44.080101,17.063601,13.676404,13.313705,0.035952,38.710440,31.026253,30.203436,0.081561,1000
399,399.000000,44.225280,17.118948,13.721203,13.358689,0.036023,38.708513,31.025700,30.206002,0.081452,1000
400,400.000000,0.098343,0.038989,0.027882,0.031376,0.000074,39.646091,28.352024,31.904317,0.075297,1000
400,400.000000,44.323623,17.157937,13.749085,13.390065,0.036140,38.710593,31.019768,30.209770,0.081537,1000
401,401.000000,44.471119,17.212886,13.792561,13.439072,0.036228,38.705764,31.014648,30.219775,0.081464,1000
402,402.000000,44.584903,17.269832,13.821817,13.466579,0.036329,38.734708,31.001116,30.204347,0.081484,1000
403,403.000000,44.685747,17.310426,13.854019,13.494574,0.036405,38.738136,31.003216,30.198833,0.081470,1000
404,404.000000,44.809463,17.365060,13.896383,13.521218,0.036515,38.753108,31.012160,30.174916,0.081490,1000
405,405.000000,44.935992,17.402140,13.942280,13.564687,0.036629,38.726506,31.026976,30.186687,0.081514,1000
406,406.000000,45.045439,17.454354,13.969823,13.594304,0.036731,38.748328,31.012736,30.179092,0.081543,1000
407,407.000000,45.153014,17.503992,13.996797,13.625170,0.036887,38.765943,30.998589,30.175549,0.081694,1000
408,408.000000,45.302083,17.561981,14.039797,13.673174,0.036990,38.766389,30.991505,30.182220,0.081652,1000
409,409.000000,45.389664,17.595034,14.069722,13.697710,0.037081,38.764407,30.997634,30.178037,0.081695,1000
410,410.000000,0.098026,0.043884,0.025172,0.028906,0.000054,44.767456,25.679206,29.488048,0.054742,1000
410,410.000000,45.487691,17.638918,14.094895,13.726616,0.037170,38.777344,30.986173,30.176550,0.081715,1000
411,411.000000,45.589589,17.691655,14.117922,13.752683,0.037260,38.806350,30.967425,30.166281,0.081729,1000
412,412.000000,45.726123,17.735001,14.163945,13.799731,0.037439,38.785271,30.975609,30.179097,0.081876,1000
413,413.000000,45.830718,17.781655,14.195760,13.825752,0.037565,38.798552,30.974334,30.166998,0.081964,1000
414,414.000000,45.926826,17.823730,14.222341,13.853139,0.037661,38.808973,30.967393,30.163503,0.082003,1000
415,415.000000,46.020170,17.862818,14.250575,13.879092,0.037753,38.815193,30.965933,30.158715,0.082036,1000
416,416.000000,46.106728,17.903086,14.270271,13.905611,0.037850,38.829660,30.950518,30.159614,0.082093,1000
417,417.000000,46.238918,17.947663,14.312840,13.950586,0.037945,38.815059,30.954099,30.170660,0.082063,1000
418,418.000000,46.349920,17.998906,14.344831,13.978263,0.038088,38.832658,30.948989,30.158117,0.082174,1000
419,419.000000,46.476397,18.045383,14.383496,14.019539,0.038170,38.826982,30.947959,30.164858,0.082128,1000
420,420.000000,0.108466,0.036279,0.045845,0.026238,0.000090,33.447658,42.266351,24.189899,0.083391,1000
420,420.000000,46.584864,18.081662,14.429341,14.045777,0.038341,38.814457,30.974312,30.150947,0.082303,1000
421,421.000000,46.694230,18.125019,14.467442,14.073629,0.038421,38.816399,30.983361,30.139973,0.082281,1000
422,422.000000,46.814056,18.174720,14.509839,14.101294,0.038506,38.823213,30.994622,30.121923,0.082254,1000
423,423.000000,46.918150,18.217344,14.549189,14.123328,0.038628,38.827924,31.009724,30.102057,0.082331,1000
424,424.000000,47.045885,18.256582,14.591488,14.169448,0.038746,38.805905,31.015438,30.118358,0.082357,1000
425,425.000000,47.158833,18.296250,14.632489,14.201657,0.038845,38.797079,31.028099,30.114523,0.082371,1000
426,426.000000,47.279485,18.337975,14.674613,14.238397,0.038939,38.786325,31.038013,30.115381,0.082358,1000
427,427.000000,47.391179,18.381924,14.699392,14.281278,0.039023,38.787649,31.017148,30.134887,0.082343,1000
428,428.000000,47.480588,18.418408,14.726275,14.307261,0.039107,38.791448,31.015360,30.132864,0.082364,1000
429,429.000000,47.582723,18.465120,14.753771,14.335105,0.039220,38.806354,31.006573,30.126702,0.082426,1000
430,430.000000,0.110055,0.054507,0.025513,0.029959,0.000065,49.527470,23.182298,27.222120,0.058618,1000
430,430.000000,47.692778,18.519627,14.779285,14.365065,0.039315,38.831094,30.988517,30.120000,0.082434,1000
431,431.000000,47.828226,18.566272,14.830698,14.402403,0.039387,38.818651,31.008254,30.112769,0.082351,1000
432,432.000000,47.924317,18.611569,14.855342,14.428471,0.039492,38.835334,30.997504,30.106786,0.082404,1000
433,433.000000,48.053380,18.656839,14.913758,14.453781,0.039577,38.825237,31.035816,30.078594,0.082361,1000
434,434.000000,48.188374,18.722026,14.956150,14.481115,0.039681,38.851749,31.036843,30.051055,0.082345,1000
435,435.000000,48.278532,18.759749,14.983398,14.506223,0.039783,38.857330,31.035323,30.046942,0.082403,1000
436,436.000000,48.391628,18.805632,15.008246,14.548518,0.039875,38.861333,31.014137,30.064121,0.082401,1000
437,437.000000,48.504460,18.840227,15.054422,14.580527,0.039943,38.842258,31.037191,30.060178,0.082349,1000
438,438.000000,48.603347,18.876797,15.085719,14.611499,0.040013,38.838472,31.038437,30.062742,0.082326,1000
439,439.000000,48.710152,18.922533,15.115173,14.643047,0.040104,38.847206,31.030848,30.061592,0.082333,1000
440,440.000000,0.101227,0.043785,0.028297,0.029083,0.000051,43.253692,27.954312,28.730492,0.050774,1000
440,440.000000,48.811379,18.966317,15.143470,14.672130,0.040189,38.856344,31.024467,30.058832,0.082335,1000
441,441.000000,48.938104,19.011510,15.186656,14.710427,0.040259,38.848073,31.032375,30.059250,0.082265,1000
442,442.000000,49.047223,19.050950,15.214084,14.752612,0.040352,38.842056,31.019257,30.078384,0.082271,1000
443,443.000000,49.140855,19.089358,15.240650,14.781209,0.040432,38.846206,31.014215,30.079266,0.082278,1000
444,444.000000,49.234110,19.126821,15.265919,14.811674,0.040513,38.848718,31.006793,30.084172,0.082287,1000
445,445.000000,49.333030,19.170322,15.292548,14.840402,0.040600,38.858999,30.998599,30.082081,0.082298,1000
446,446.000000,49.446136,19.212348,15.319055,14.884912,0.040686,38.855105,30.981299,30.103287,0.082284,1000
447,447.000000,49.567526,19.266496,15.362710,14.908443,0.040765,38.869189,30.993498,30.077036,0.082242,1000
448,448.000000,49.688708,19.310360,15.393964,14.954453,0.040840,38.862672,30.980809,30.096282,0.082192,1000
449,449.000000,49.794945,19.358859,15.425305,14.980776,0.040945,38.877156,30.977653,30.084932,0.082228,1000
450,450.000000,0.099731,0.040654,0.027172,0.031851,0.000044,40.763186,27.245317,31.937160,0.043760,1000
450,450.000000,49.894677,19.399512,15.452477,15.012627,0.041024,38.880926,30.970193,30.088635,0.082222,1000
451,451.000000,50.021887,19.453654,15.482416,15.055695,0.041110,38.890285,30.951283,30.098214,0.082185,1000
452,452.000000,50.118298,19.489423,15.512289,15.086410,0.041190,38.886840,30.951348,30.101601,0.082185,1000
453,453.000000,50.229440,19.533331,15.543313,15.122547,0.041286,38.888212,30.944628,30.106939,0.082195,1000
454,454.000000,50.347826,19.580692,15.586386,15.150447,0.041359,38.890839,30.957417,30.091562,0.082147,1000
455,455.000000,50.445930,19.623685,15.613655,15.178234,0.041434,38.900433,30.951268,30.088123,0.082136,1000
456,456.000000,50.575051,19.669668,15.653145,15.221820,0.041529,38.892038,30.950330,30.097489,0.082113,1000
457,457.000000,50.672322,19.712224,15.681123,15.248502,0.041610,38.901364,30.946132,30.092369,0.082116,1000
458,458.000000,50.814894,19.772367,15.720306,15.291681,0.041708,38.910574,30.936415,30.092911,0.082078,1000
459,459.000000,50.923563,19.817492,15.752536,15.322925,0.041798,38.916153,30.933687,30.090050,0.082080,1000
460,460.000000,0.112038,0.037462,0.030558,0.043967,0.000042,33.436866,27.274279,39.242524,0.037576,1000
460,460.000000,51.035601,19.854954,15.783093,15.366892,0.041872,38.904125,30.925653,30.110142,0.082045,1000
461,461.000000,51.143982,19.906601,15.812445,15.394216,0.041954,38.922665,30.917509,30.099761,0.082031,1000
462,462.000000,51.250168,19.956430,15.839584,15.423362,0.042032,38.939247,30.906404,30.094265,0.082013,1000
463,463.000000,51.381108,20.000378,15.884438,15.465449,0.042103,38.925548,30.914939,30.099485,0.081942,1000
464,464.000000,51.500878,20.048084,15.929441,15.492451,0.042185,38.927655,30.930426,30.081916,0.081912,1000
465,465.000000,51.625972,20.086019,15.971138,15.537856,0.042263,38.906811,30.936248,30.096975,0.081863,1000
466,466.000000,51.751621,20.121325,16.016748,15.582526,0.042352,38.880570,30.949267,30.110219,0.081836,1000
467,467.000000,51.863464,20.157846,16.049478,15.625052,0.042443,38.867142,30.945635,30.127282,0.081836,1000
468,468.000000,51.953221,20.193893,16.077613,15.650551,0.042555,38.869377,30.946326,30.124314,0.081911,1000
469,469.000000,52.075865,20.247797,16.117613,15.679231,0.042636,38.881345,30.950255,30.108441,0.081873,1000
470,470.000000,0.097842,0.041735,0.029236,0.026815,0.000047,42.655078,29.881080,27.406183,0.047780,1000
470,470.000000,52.173707,20.289531,16.146849,15.706046,0.042716,38.888422,30.948250,30.103374,0.081873,1000
471,471.000000,52.294497,20.336418,16.192662,15.734079,0.042797,38.888256,30.964370,30.087448,0.081839,1000
472,472.000000,52.425139,20.378659,16.233924,15.781159,0.042881,38.871922,30.965916,30.102273,0.081794,1000
473,473.000000,52.519066,20.414474,16.262537,15.810584,0.042979,38.870596,30.965015,30.104466,0.081836,1000
474,474.000000,52.655583,20.465602,16.295207,15.863240,0.043065,38.866918,30.946780,30.126416,0.081786,1000
475,475.000000,52.775496,20.501962,16.334210,15.907707,0.043190,38.847502,30.950368,30.142223,0.081837,1000
476,476.000000,52.860621,20.537160,16.361519,15.930264,0.043280,38.851530,30.952187,30.136353,0.081875,1000
477,477.000000,52.948153,20.575608,16.385320,15.955477,0.043364,38.859917,30.945971,30.134152,0.081900,1000
478,478.000000,53.050675,20.619840,16.411838,15.987187,0.043450,38.868196,30.936153,30.135691,0.081903,1000
479,479.000000,53.175178,20.670304,16.443770,16.029241,0.043527,38.872092,30.923770,30.144217,0.081856,1000
480,480.000000,0.103892,0.032499,0.042875,0.028461,0.000047,31.281176,41.268474,27.394456,0.045248,1000
480,480.000000,53.279071,20.702803,16.486644,16.057702,0.043612,38.857290,30.943941,30.138855,0.081855,1000
481,481.000000,53.404522,20.744675,16.526933,16.100921,0.043707,38.844416,30.946692,30.148985,0.081841,1000
482,482.000000,53.499251,20.784283,16.554952,16.127960,0.043795,38.849672,30.944269,30.146141,0.081862,1000
483,483.000000,53.602281,20.831837,16.584064,16.154259,0.043888,38.863714,30.939101,30.137261,0.081878,1000
484,484.000000,53.698828,20.877058,16.608254,16.181340,0.043970,38.878052,30.928523,30.133506,0.081883,1000
485,485.000000,53.797464,20.920685,16.636542,16.207999,0.044055,38.887866,30.924399,30.127812,0.081890,1000
486,486.000000,53.893566,20.970406,16.660382,16.230461,0.044162,38.910778,30.913489,30.115767,0.081944,1000
487,487.000000,54.010550,21.013907,16.707635,16.256625,0.044254,38.907042,30.934022,30.098980,0.081935,1000
488,488.000000,54.117256,21.052473,16.734547,16.297797,0.044328,38.901590,30.922756,30.115713,0.081910,1000
489,489.000000,54.249668,21.103279,16.773551,16.340331,0.044414,38.900291,30.919176,30.120610,0.081870,1000
490,490.000000,0.098318,0.043552,0.025314,0.029376,0.000064,44.296842,25.747536,29.878726,0.064688,1000
490,490.000000,54.347986,21.146831,16.798865,16.369707,0.044528,38.910054,30.909820,30.120172,0.081930,1000
491,491.000000,54.466799,21.189539,16.842790,16.401830,0.044607,38.903587,30.923039,30.113445,0.081898,1000
492,492.000000,54.593661,21.233945,16.882944,16.444073,0.044686,38.894525,30.924734,30.120847,0.081851,1000
493,493.000000,54.688874,21.270467,16.913785,16.471827,0.044836,38.893591,30.927287,30.119155,0.081985,1000
494,494.000000,54.792972,21.310347,16.955235,16.494526,0.044927,38.892483,30.944178,30.103360,0.081994,1000
495,495.000000,54.897733,21.362151,16.981974,16.520686,0.045005,38.912629,30.933836,30.093568,0.081980,1000
496,496.000000,54.994244,21.403305,17.009445,16.548507,0.045092,38.919173,30.929501,30.091345,0.081994,1000
497,497.000000,55.090908,21.446522,17.035759,16.575561,0.045202,38.929331,30.922995,30.087652,0.082050,1000
498,498.000000,55.183207,21.485217,17.062961,16.601897,0.045294,38.934339,30.920567,30.085052,0.082079,1000
499,499.000000,55.274230,21.528156,17.082253,16.630623,0.045385,38.947908,30.904553,30.087480,0.082109,1000
500,500.000000,0.131899,0.044378,0.041439,0.046016,0.000055,33.645469,31.417393,34.887012,0.041526,1000
500,500.000000,55.406129,21.572534,17.123693,16.676639,0.045479,38.935285,30.905774,30.098906,0.082082,1000
501,501.000000,55.513053,21.608868,17.166836,16.704016,0.045574,38.925742,30.923962,30.090249,0.082095,1000
502,502.000000,55.610408,21.651522,17.194704,16.730791,0.045654,38.934298,30.919938,30.085718,0.082096,1000
503,503.000000,55.740388,21.695292,17.237997,16.773648,0.045735,38.922033,30.925505,30.092449,0.082051,1000
504,504.000000,55.858137,21.733459,17.268536,16.822631,0.045821,38.908314,30.914988,30.116707,0.082030,1000
505,505.000000,55.978528,21.783258,17.294980,16.866710,0.045915,38.913596,30.895739,30.130679,0.082022,1000
506,506.000000,56.069286,21.818819,17.322845,16.893959,0.046049,38.914029,30.895427,30.130504,0.082128,1000
507,507.000000,56.188611,21.859984,17.358496,16.936410,0.046127,38.904653,30.893265,30.142069,0.082093,1000
508,508.000000,56.313161,21.900591,17.402852,16.975920,0.046221,38.890716,30.903703,30.145564,0.082079,1000
509,509.000000,56.420182,21.942144,17.430696,17.013468,0.046336,38.890594,30.894435,30.154932,0.082127,1000
510,510.000000,0.110748,0.056128,0.027613,0.026941,0.000053,50.680647,24.933436,24.326253,0.047767,1000
510,510.000000,56.530929,21.998272,17.458309,17.040408,0.046426,38.913692,30.882757,30.143514,0.082125,1000
511,511.000000,56.631008,22.042517,17.487220,17.067262,0.046520,38.923052,30.879231,30.137662,0.082146,1000
512,512.000000,56.739330,22.096041,17.514860,17.094356,0.046606,38.943077,30.868993,30.127878,0.082141,1000
513,513.000000,56.853553,22.148702,17.553292,17.117383,0.046758,38.957464,30.874573,30.107850,0.082243,1000
514,514.000000,56.961114,22.189919,17.580532,17.156428,0.046838,38.956260,30.864094,30.119544,0.082228,1000
515,515.000000,57.081478,22.233007,17.608654,17.205524,0.046915,38.949600,30.848280,30.142043,0.082190,1000
516,516.000000,57.184781,22.278303,17.634545,17.237584,0.046993,38.958447,30.837829,30.143656,0.082177,1000
517,517.000000,57.289088,22.322578,17.659247,17.272860,0.047065,38.964799,30.824801,30.150349,0.082154,1000
518,518.000000,57.389749,22.364164,17.691178,17.299949,0.047142,38.968917,30.826373,30.144667,0.082144,1000
519,519.000000,57.504218,22.406530,17.717183,17.345975,0.047237,38.965019,30.810232,30.164701,0.082146,1000
520,520.000000,0.092284,0.038072,0.031019,0.023136,0.000041,41.255682,33.612381,25.070704,0.044056,1000
520,520.000000,57.596502,22.444602,17.748202,17.369112,0.047314,38.968690,30.814722,30.156539,0.082147,1000
521,521.000000,57.720830,22.486869,17.789313,17.409999,0.047395,38.957979,30.819573,30.162420,0.082111,1000
522,522.000000,57.833120,22.535005,17.827220,17.436199,0.047463,38.965570,30.825279,30.149158,0.082068,1000
523,523.000000,57.949640,22.582628,17.869550,17.462701,0.047557,38.969402,30.836344,30.134271,0.082066,1000
524,524.000000,58.067665,22.623193,17.902569,17.507085,0.047639,38.960053,30.830529,30.149456,0.082040,1000
525,525.000000,58.178912,22.660932,17.948401,17.534696,0.047724,38.950423,30.850356,30.139264,0.082029,1000
526,526.000000,58.286957,22.719124,17.971764,17.561129,0.047810,38.978057,30.833252,30.128746,0.082025,1000
527,527.000000,58.403318,22.762647,18.017242,17.588426,0.047901,38.974921,30.849689,30.115457,0.082018,1000
528,528.000000,58.522761,22.815131,18.056242,17.616325,0.047982,38.985055,30.853367,30.101664,0.081989,1000
529,529.000000,58.622858,22.847945,18.098549,17.641161,0.048153,38.974465,30.872853,30.092632,0.082140,1000
530,530.000000,0.126577,0.037322,0.042700,0.046453,0.000089,29.485886,33.734672,36.699093,0.070137,1000
530,530.000000,58.749435,22.885268,18.141249,17.687614,0.048311,38.954021,30.879019,30.106866,0.082232,1000
531,531.000000,58.862829,22.927592,18.169489,17.730371,0.048402,38.950884,30.867509,30.121507,0.082229,1000
532,532.000000,58.991735,22.980016,18.204535,17.771744,0.048476,38.954637,30.859467,30.125820,0.082174,1000
533,533.000000,59.119810,23.018046,18.251232,17.815022,0.048569,38.934573,30.871601,30.133760,0.082153,1000
534,534.000000,59.234728,23.055652,18.298126,17.845365,0.048686,38.922526,30.890876,30.126524,0.082192,1000
535,535.000000,59.329334,23.091985,18.326051,17.875643,0.048793,38.921699,30.888684,30.129520,0.082240,1000
536,536.000000,59.443384,23.135494,18.368218,17.903961,0.048870,38.920218,30.900357,30.119350,0.082213,1000
537,537.000000,59.569264,23.188057,18.415224,17.930214,0.048949,38.926211,30.913970,30.099775,0.082171,1000
538,538.000000,59.704330,23.238583,18.456373,17.973536,0.049049,38.922777,30.912956,30.104243,0.082153,1000
539,539.000000,59.816740,23.273076,18.503209,18.004549,0.049141,38.907295,30.933161,30.099516,0.082152,1000
540,540.000000,0.117586,0.041708,0.044196,0.031632,0.000038,35.470132,37.586363,26.901524,0.031918,1000
540,540.000000,59.934326,23.314784,18.547405,18.036182,0.049211,38.900552,30.946214,30.093242,0.082107,1000
541,541.000000,60.038819,23.350012,18.590414,18.062366,0.049306,38.891524,30.963990,30.084479,0.082123,1000
542,542.000000,60.169832,23.395952,18.629237,18.108552,0.049396,38.883193,30.961092,30.095733,0.082095,1000
543,543.000000,60.297026,23.431492,18.672483,18.156897,0.049487,38.860112,30.967502,30.112426,0.082072,1000
544,544.000000,60.394120,23.464195,18.704955,18.188757,0.049570,38.851786,30.971484,30.116768,0.082077,1000
545,545.000000,60.517715,23.502510,18.747689,18.231244,0.049651,38.835753,30.978845,30.125467,0.082044,1000
546,546.000000,60.605633,23.536929,18.775827,18.256533,0.049737,38.836208,30.980334,30.123493,0.082067,1000
547,547.000000,60.725669,23.589215,18.813801,18.286251,0.049820,38.845541,30.981628,30.112886,0.082041,1000
548,548.000000,60.833234,23.628711,18.853233,18.314826,0.049905,38.841780,30.991666,30.106613,0.082035,1000
549,549.000000,60.961911,23.672388,18.891793,18.361182,0.050011,38.831440,30.989502,30.119104,0.082037,1000
550,550.000000,0.120629,0.034146,0.045590,0.040811,0.000071,28.306277,37.793820,33.832055,0.058662,1000
550,550.000000,61.082541,23.706534,18.937383,18.401993,0.050137,38.810654,31.002940,30.126437,0.082081,1000
551,551.000000,61.192945,23.745003,18.981905,18.429329,0.050257,38.803497,31.019760,30.116755,0.082129,1000
552,552.000000,61.296456,23.787789,19.011197,18.460703,0.050342,38.807772,31.015164,30.117081,0.082128,1000
553,553.000000,61.404180,23.828142,19.053839,18.485377,0.050416,38.805407,31.030199,30.104428,0.082104,1000
554,554.000000,61.502965,23.872844,19.085262,18.507962,0.050525,38.815762,31.031450,30.092796,0.082151,1000
555,555.000000,61.629946,23.917883,19.125822,18.549276,0.050614,38.808865,31.033326,30.097829,0.082126,1000
556,556.000000,61.727932,23.954297,19.155817,18.580796,0.050691,38.806253,31.032656,30.101115,0.082120,1000
557,557.000000,61.832862,24.003754,19.182999,18.609029,0.050770,38.820383,31.023954,30.095694,0.082108,1000
558,558.000000,61.942685,24.043541,19.224976,18.637022,0.050864,38.815788,31.036717,30.087527,0.082115,1000
559,559.000000,62.048554,24.090453,19.252804,18.668094,0.050946,38.825164,31.028610,30.086267,0.082107,1000
560,560.000000,0.106043,0.035652,0.043047,0.027289,0.000044,33.620410,40.594143,25.733730,0.041958,1000
560,560.000000,62.154597,24.126105,19.295851,18.695383,0.051024,38.816284,31.044930,30.078842,0.082091,1000
561,561.000000,62.288318,24.191550,19.319953,18.739492,0.051110,38.838020,31.016976,30.085083,0.082054,1000
562,562.000000,62.400231,24.227368,19.370626,18.764850,0.051196,38.825767,31.042556,30.071763,0.082045,1000
563,563.000000,62.508881,24.269134,19.411620,18.790686,0.051272,38.825097,31.054179,30.060826,0.082024,1000
564,564.000000,62.613115,24.314680,19.441274,18.819653,0.051374,38.833207,31.049843,30.057047,0.082050,1000
565,565.000000,62.715690,24.352583,19.477999,18.847548,0.051448,38.830129,31.057617,30.052365,0.082034,1000
566,566.000000,62.826884,24.394491,19.517234,18.877544,0.051522,38.828110,31.065100,30.046920,0.082007,1000
567,567.000000,62.932229,24.436719,19.545064,18.912776,0.051598,38.830215,31.057320,30.052608,0.081990,1000
568,568.000000,63.041979,24.475564,19.571741,18.956947,0.051677,38.824231,31.045569,30.070356,0.081972,1000
569,569.000000,63.175240,24.516251,19.616248,19.004949,0.051760,38.806740,31.050533,30.082908,0.081930,1000
570,570.000000,0.108142,0.035424,0.030752,0.041906,0.000049,32.756523,28.436345,38.751045,0.045006,1000
570,570.000000,63.283382,24.551675,19.647000,19.046856,0.051842,38.796401,31.046065,30.097721,0.081921,1000
571,571.000000,63.376834,24.586540,19.674497,19.077886,0.051921,38.794207,31.043673,30.102302,0.081925,1000
572,572.000000,63.502853,24.639482,19.703466,19.121946,0.051993,38.800590,31.027686,30.111948,0.081876,1000
573,573.000000,63.589242,24.675559,19.731782,19.143864,0.052112,38.804613,31.030063,30.105507,0.081951,1000
574,574.000000,63.685454,24.717805,19.759203,19.170358,0.052184,38.812324,31.026241,30.101627,0.081940,1000
575,575.000000,63.788982,24.758777,19.793842,19.198213,0.052266,38.813563,31.030190,30.096440,0.081936,1000
576,576.000000,63.899315,24.802557,19.826034,19.232511,0.052363,38.815060,31.026990,30.098149,0.081946,1000
577,577.000000,64.008392,24.859337,19.852506,19.258279,0.052440,38.837621,31.015473,30.087116,0.081927,1000
578,578.000000,64.130048,24.908940,19.894501,19.288283,0.052514,38.841293,31.022120,30.076826,0.081887,1000
579,579.000000,64.250127,24.947791,19.934470,19.329472,0.052602,38.829171,31.026350,30.084722,0.081870,1000
580,580.000000,0.107294,0.046063,0.033394,0.027755,0.000064,42.931140,31.123369,25.868492,0.059258,1000
580,580.000000,64.357421,24.993854,19.967863,19.357227,0.052707,38.836009,31.026512,30.077692,0.081898,1000
581,581.000000,64.472058,25.033283,19.996904,19.403336,0.052785,38.828112,31.016388,30.095729,0.081872,1000
582,582.000000,64.577931,25.068344,20.039626,19.431367,0.052864,38.818748,31.031694,30.089794,0.081861,1000
583,583.000000,64.671298,25.110236,20.069106,19.453291,0.052964,38.827481,31.032478,30.080254,0.081897,1000
584,584.000000,64.766560,25.149968,20.097766,19.480099,0.053045,38.831718,31.031085,30.077403,0.081902,1000
585,585.000000,64.882661,25.192168,20.128784,19.522919,0.053132,38.827273,31.023365,30.089578,0.081890,1000
586,586.000000,64.996151,25.228195,20.179560,19.549540,0.053221,38.814906,31.047316,30.077996,0.081883,1000
587,587.000000,65.113128,25.274863,20.209702,19.589645,0.053301,38.816846,31.037830,30.085554,0.081860,1000
588,588.000000,65.231388,25.312223,20.253403,19.626787,0.053379,38.803747,31.048554,30.087950,0.081830,1000
589,589.000000,65.348850,25.363003,20.281140,19.665671,0.053468,38.811704,31.035190,30.093370,0.081819,1000
590,590.000000,0.099893,0.037844,0.030232,0.031761,0.000046,37.883930,30.264350,31.794691,0.045845,1000
590,590.000000,65.448744,25.400846,20.311372,19.697432,0.053547,38.810288,31.034014,30.095967,0.081815,1000
591,591.000000,65.562907,25.448324,20.352289,19.723144,0.053625,38.815125,31.042384,30.082779,0.081791,1000
592,592.000000,65.692510,25.496426,20.384503,19.772367,0.053698,38.811769,31.030178,30.098358,0.081742,1000
593,593.000000,65.802846,25.529857,20.432680,19.801035,0.053781,38.797497,31.051361,30.091457,0.081731,1000
594,594.000000,65.910054,25.564871,20.465351,19.840491,0.053873,38.787514,31.050424,30.102374,0.081737,1000
595,595.000000,66.024383,25.616737,20.504115,19.864123,0.053962,38.798904,31.055367,30.086041,0.081731,1000
596,596.000000,66.145564,25.661417,20.550505,19.894169,0.054052,38.795371,31.068607,30.076346,0.081717,1000
597,597.000000,66.257073,25.696683,20.582165,19.938685,0.054141,38.783306,31.064103,30.092916,0.081713,1000
598,598.000000,66.363294,25.732952,20.625039,19.965689,0.054236,38.775882,31.078987,30.085441,0.081726,1000
599,599.000000,66.500074,25.779922,20.667716,20.012763,0.054320,38.766756,31.079238,30.094346,0.081684,1000
600,600.000000,0.131845,0.045535,0.042916,0.043317,0.000055,34.536516,32.550646,32.854121,0.042037,1000
600,600.000000,66.631919,25.825456,20.710633,20.056079,0.054415,38.758386,31.082150,30.099807,0.081666,1000
601,601.000000,66.736045,25.875477,20.738987,20.081760,0.054511,38.772865,31.076141,30.091325,0.081682,1000
SUMMARY,,66.736045,25.875477,20.738987,20.081760,0.054511,38.772865,31.076141,30.091325,0.081682,1000
