TimeStep,SimulationTime,TotalElapsedTime,ForceCalcTime,PositionUpdateTime,VelocityUpdateTime,ForceCalcPercentage,PositionUpdatePercentage,VelocityUpdatePercentage,NumberOfBodies
10,0.100000,0.035077,0.035047,0.000004,0.000024,99.915037,0.011555,0.067970,1000
20,0.200000,0.026426,0.026403,0.000003,0.000019,99.913387,0.011729,0.071275,1000
30,0.300000,0.026501,0.026480,0.000002,0.000018,99.921730,0.007197,0.067475,1000
40,0.400000,0.026722,0.026700,0.000003,0.000018,99.917916,0.011599,0.066916,1000
50,0.500000,0.026484,0.026462,0.000003,0.000018,99.917178,0.011703,0.067518,1000
60,0.600000,0.026524,0.026501,0.000002,0.000018,99.912809,0.008090,0.067416,1000
70,0.700000,0.026912,0.026890,0.000003,0.000018,99.918495,0.011517,0.066444,1000
80,0.800000,0.026567,0.026545,0.000003,0.000017,99.916540,0.011667,0.063717,1000
90,0.900000,0.026529,0.026506,0.000003,0.000019,99.913723,0.011683,0.070998,1000
100,1.000000,0.026541,0.026519,0.000003,0.000018,99.917356,0.011678,0.067373,1000
110,1.100000,0.026583,0.026561,0.000002,0.000017,99.917487,0.008072,0.063679,1000
120,1.200000,0.026365,0.026343,0.000003,0.000018,99.916804,0.011756,0.067823,1000
130,1.300000,0.026322,0.026299,0.000003,0.000017,99.912140,0.011775,0.064310,1000
140,1.400000,0.026360,0.026338,0.000003,0.000018,99.915884,0.011758,0.068740,1000
150,1.500000,0.026277,0.026256,0.000003,0.000017,99.920155,0.011795,0.064421,1000
160,1.600000,0.026397,0.026374,0.000003,0.000018,99.913292,0.010838,0.068643,1000
170,1.700000,0.026277,0.026255,0.000003,0.000018,99.915619,0.011795,0.068957,1000
180,1.800000,0.026316,0.026294,0.000003,0.000017,99.916649,0.010872,0.065231,1000
190,1.900000,0.026370,0.026348,0.000003,0.000018,99.915916,0.011754,0.067809,1000
200,2.000000,0.026317,0.026296,0.000002,0.000018,99.919371,0.007248,0.068852,1000
210,2.100000,0.026340,0.026318,0.000003,0.000018,99.916726,0.010862,0.068792,1000
220,2.200000,0.026277,0.026255,0.000003,0.000018,99.916526,0.010888,0.068957,1000
230,2.300000,0.026377,0.026354,0.000003,0.000017,99.913227,0.010847,0.065080,1000
240,2.400000,0.026352,0.026329,0.000003,0.000018,99.913144,0.010857,0.068761,1000
250,2.500000,0.026278,0.026256,0.000003,0.000018,99.916529,0.011795,0.068047,1000
260,2.600000,0.026537,0.026514,0.000003,0.000018,99.912852,0.010781,0.068281,1000
270,2.700000,0.026473,0.026452,0.000002,0.000018,99.919846,0.008105,0.067546,1000
280,2.800000,0.026315,0.026294,0.000002,0.000018,99.920270,0.007248,0.068857,1000
290,2.900000,0.026321,0.026300,0.000002,0.000018,99.920288,0.008152,0.067936,1000
300,3.000000,0.026358,0.026336,0.000003,0.000018,99.916782,0.011759,0.067841,1000
310,3.100000,0.026315,0.026294,0.000002,0.000018,99.920270,0.007248,0.068857,1000
320,3.200000,0.026321,0.026299,0.000003,0.000018,99.915760,0.010870,0.068841,1000
330,3.300000,0.026299,0.026277,0.000003,0.000017,99.915689,0.011785,0.064366,1000
340,3.400000,0.026343,0.026321,0.000003,0.000018,99.916735,0.011766,0.067879,1000
350,3.500000,0.026313,0.026291,0.000003,0.000018,99.916639,0.011779,0.067957,1000
360,3.600000,0.026438,0.026416,0.000003,0.000018,99.916132,0.011723,0.068537,1000
370,3.700000,0.026305,0.026283,0.000003,0.000018,99.916615,0.010876,0.068884,1000
380,3.800000,0.026471,0.026448,0.000003,0.000018,99.913535,0.011709,0.067551,1000
390,3.900000,0.026397,0.026374,0.000003,0.000017,99.912389,0.011742,0.064127,1000
400,4.000000,0.026313,0.026288,0.000003,0.000021,99.904861,0.011779,0.079735,1000
410,4.100000,0.026409,0.026386,0.000003,0.000018,99.913332,0.010834,0.068612,1000
420,4.200000,0.026795,0.026774,0.000003,0.000017,99.922588,0.010677,0.063175,1000
430,4.300000,0.026636,0.026614,0.000003,0.000018,99.917651,0.010741,0.068027,1000
440,4.400000,0.026455,0.026433,0.000003,0.000017,99.917087,0.010815,0.064888,1000
450,4.500000,0.026439,0.026417,0.000003,0.000018,99.917037,0.010821,0.068535,1000
460,4.600000,0.026460,0.026438,0.000003,0.000018,99.916203,0.011714,0.068480,1000
470,4.700000,0.026397,0.026376,0.000002,0.000017,99.920518,0.007226,0.065031,1000
480,4.800000,0.026524,0.026501,0.000003,0.000018,99.913708,0.010787,0.068315,1000
490,4.900000,0.026452,0.026430,0.000003,0.000018,99.917078,0.010816,0.068501,1000
500,5.000000,0.026480,0.026458,0.000003,0.000018,99.917166,0.010804,0.068428,1000
510,5.100000,0.027051,0.027029,0.000003,0.000018,99.918914,0.011458,0.066103,1000
520,5.200000,0.026398,0.026377,0.000002,0.000017,99.920521,0.007225,0.064125,1000
530,5.300000,0.026597,0.026575,0.000002,0.000018,99.916634,0.007171,0.067231,1000
540,5.400000,0.026318,0.026296,0.000002,0.000017,99.916656,0.007247,0.065226,1000
550,5.500000,0.026273,0.026252,0.000003,0.000017,99.919236,0.011797,0.064430,1000
560,5.600000,0.026327,0.026305,0.000003,0.000018,99.915779,0.011773,0.068826,1000
570,5.700000,0.026338,0.026314,0.000003,0.000019,99.909477,0.010863,0.072419,1000
580,5.800000,0.026272,0.026250,0.000002,0.000018,99.916510,0.008167,0.068062,1000
590,5.900000,0.026315,0.026293,0.000003,0.000018,99.914835,0.011778,0.068857,1000
600,6.000000,0.026429,0.026407,0.000003,0.000018,99.917006,0.010825,0.068561,1000
610,6.100000,0.026471,0.026449,0.000003,0.000018,99.917138,0.010808,0.068451,1000
620,6.200000,0.026277,0.026252,0.000002,0.000021,99.905637,0.007259,0.079845,1000
630,6.300000,0.026425,0.026403,0.000003,0.000018,99.916993,0.011729,0.067669,1000
640,6.400000,0.026316,0.026294,0.000003,0.000018,99.916649,0.010872,0.068855,1000
650,6.500000,0.026302,0.026280,0.000003,0.000017,99.915699,0.010878,0.065265,1000
660,6.600000,0.026278,0.026256,0.000003,0.000017,99.916529,0.010888,0.065325,1000
670,6.700000,0.026277,0.026255,0.000003,0.000018,99.916525,0.011795,0.068050,1000
680,6.800000,0.026278,0.026256,0.000002,0.000018,99.916529,0.007258,0.068954,1000
690,6.900000,0.026358,0.026336,0.000003,0.000018,99.916782,0.011759,0.067841,1000
700,7.000000,0.026428,0.026406,0.000003,0.000018,99.917003,0.011728,0.067661,1000
710,7.100000,0.026322,0.026300,0.000003,0.000018,99.916668,0.011775,0.067934,1000
720,7.200000,0.026276,0.026254,0.000003,0.000018,99.916522,0.011796,0.068053,1000
730,7.300000,0.026385,0.026363,0.000003,0.000018,99.916868,0.010843,0.068674,1000
740,7.400000,0.026279,0.026257,0.000003,0.000018,99.916532,0.010887,0.068952,1000
750,7.500000,0.026316,0.026295,0.000002,0.000018,99.920273,0.007248,0.068855,1000
760,7.600000,0.026463,0.026441,0.000003,0.000017,99.917113,0.010811,0.064868,1000
770,7.700000,0.026396,0.026374,0.000003,0.000017,99.916902,0.010839,0.065033,1000
780,7.800000,0.026364,0.026342,0.000003,0.000018,99.916802,0.010852,0.068729,1000
790,7.900000,0.026362,0.026340,0.000003,0.000018,99.916795,0.011757,0.067830,1000
800,8.000000,0.026705,0.026683,0.000003,0.000017,99.917863,0.011606,0.063388,1000
810,8.100000,0.026326,0.026303,0.000003,0.000019,99.911248,0.011773,0.072451,1000
820,8.200000,0.026282,0.026259,0.000003,0.000018,99.912006,0.010886,0.068944,1000
830,8.300000,0.026380,0.026358,0.000003,0.000018,99.916852,0.010845,0.068688,1000
840,8.400000,0.026305,0.026283,0.000002,0.000017,99.916615,0.007251,0.064352,1000
850,8.500000,0.026525,0.026504,0.000002,0.000018,99.920902,0.007191,0.068312,1000
860,8.600000,0.026399,0.026377,0.000003,0.000018,99.916009,0.010838,0.068638,1000
870,8.700000,0.026490,0.026467,0.000003,0.000019,99.913597,0.011700,0.071103,1000
880,8.800000,0.026582,0.026559,0.000003,0.000018,99.913896,0.010763,0.068166,1000
890,8.900000,0.026503,0.026459,0.000003,0.000040,99.834474,0.011695,0.150233,1000
900,9.000000,0.026459,0.026436,0.000003,0.000017,99.913496,0.011714,0.063977,1000
910,9.100000,0.026569,0.026547,0.000003,0.000017,99.917444,0.010768,0.063712,1000
920,9.200000,0.026584,0.026562,0.000003,0.000018,99.917490,0.010762,0.068161,1000
930,9.300000,0.026586,0.026564,0.000002,0.000018,99.917495,0.007174,0.067259,1000
940,9.400000,0.026669,0.026647,0.000003,0.000017,99.917753,0.010728,0.063473,1000
950,9.500000,0.026590,0.026568,0.000002,0.000018,99.917508,0.008070,0.067249,1000
960,9.600000,0.026519,0.026498,0.000002,0.000018,99.920884,0.007192,0.068328,1000
970,9.700000,0.026615,0.026593,0.000003,0.000017,99.916691,0.010750,0.064498,1000
980,9.800000,0.026344,0.026323,0.000002,0.000018,99.920358,0.008145,0.067876,1000
990,9.900000,0.026404,0.026382,0.000003,0.000017,99.916927,0.011739,0.064111,1000
1000,10.000000,0.026274,0.026252,0.000003,0.000018,99.915610,0.010889,0.068964,1000
1010,10.100000,0.026380,0.026358,0.000003,0.000018,99.916852,0.011749,0.067784,1000
1020,10.200000,0.026274,0.026253,0.000002,0.000018,99.920146,0.007259,0.068965,1000
1030,10.300000,0.026316,0.026294,0.000003,0.000017,99.915744,0.011778,0.064324,1000
1040,10.400000,0.026399,0.026377,0.000003,0.000017,99.916009,0.010838,0.065025,1000
1050,10.500000,0.026314,0.026292,0.000003,0.000018,99.916643,0.010873,0.068860,1000
1060,10.600000,0.026645,0.026623,0.000003,0.000018,99.917679,0.011632,0.067110,1000
1070,10.700000,0.026479,0.026457,0.000003,0.000018,99.916262,0.011705,0.067530,1000
1080,10.800000,0.026282,0.026260,0.000003,0.000017,99.916541,0.011793,0.064408,1000
1090,10.900000,0.026316,0.026295,0.000002,0.000018,99.920273,0.008154,0.067949,1000
1100,11.000000,0.026358,0.026337,0.000002,0.000018,99.920400,0.008141,0.067841,1000
1110,11.100000,0.026312,0.026290,0.000003,0.000017,99.915731,0.010873,0.065240,1000
1120,11.200000,0.026351,0.026329,0.000003,0.000018,99.916760,0.011762,0.067859,1000
1130,11.300000,0.026345,0.026323,0.000003,0.000017,99.916741,0.010860,0.064254,1000
1140,11.400000,0.026557,0.026535,0.000003,0.000017,99.917406,0.011671,0.063741,1000
1150,11.500000,0.026290,0.026268,0.000003,0.000017,99.916567,0.011789,0.064389,1000
1160,11.600000,0.026295,0.026272,0.000003,0.000018,99.912956,0.010881,0.068910,1000
1170,11.700000,0.026443,0.026421,0.000003,0.000017,99.917050,0.011721,0.064016,1000
1180,11.800000,0.026277,0.026255,0.000003,0.000017,99.915619,0.011795,0.064420,1000
1190,11.900000,0.026278,0.026256,0.000003,0.000017,99.917436,0.010888,0.064418,1000
1200,12.000000,0.026316,0.026294,0.000002,0.000018,99.916649,0.008154,0.067949,1000
1210,12.100000,0.026278,0.026256,0.000003,0.000017,99.916529,0.010888,0.065325,1000
1220,12.200000,0.026276,0.026255,0.000002,0.000018,99.921059,0.007259,0.068053,1000
1230,12.300000,0.026345,0.026323,0.000003,0.000018,99.916741,0.011765,0.067874,1000
1240,12.400000,0.026401,0.026379,0.000003,0.000018,99.916918,0.010837,0.068633,1000
1250,12.500000,0.026394,0.026372,0.000002,0.000018,99.916896,0.008130,0.067748,1000
1260,12.600000,0.026275,0.026253,0.000003,0.000018,99.915613,0.010889,0.068962,1000
1270,12.700000,0.026322,0.026300,0.000003,0.000017,99.916668,0.011775,0.064310,1000
1280,12.800000,0.026320,0.026298,0.000003,0.000018,99.916662,0.011776,0.067938,1000
1290,12.900000,0.026406,0.026384,0.000002,0.000018,99.916934,0.007223,0.068620,1000
1300,13.000000,0.026461,0.026439,0.000003,0.000017,99.916206,0.010812,0.064873,1000
1310,13.100000,0.026511,0.026488,0.000003,0.000018,99.913665,0.010792,0.068348,1000
1320,13.200000,0.026434,0.026413,0.000002,0.000018,99.921531,0.007216,0.067646,1000
1330,13.300000,0.026468,0.026446,0.000003,0.000017,99.916228,0.011710,0.063955,1000
1340,13.400000,0.026477,0.026456,0.000002,0.000018,99.919858,0.007204,0.068436,1000
1350,13.500000,0.026546,0.026525,0.000002,0.000018,99.920964,0.007185,0.068258,1000
1360,13.600000,0.026399,0.026376,0.000003,0.000018,99.913299,0.011741,0.067735,1000
1370,13.700000,0.026547,0.026525,0.000003,0.000018,99.915579,0.011675,0.068255,1000
1380,13.800000,0.026417,0.026396,0.000002,0.000017,99.919676,0.008123,0.064079,1000
1390,13.900000,0.026496,0.026474,0.000003,0.000018,99.917216,0.011698,0.067487,1000
1400,14.000000,0.026466,0.026444,0.000003,0.000018,99.917122,0.011711,0.067564,1000
1410,14.100000,0.026593,0.026572,0.000002,0.000018,99.921104,0.008069,0.067241,1000
1420,14.200000,0.026433,0.026411,0.000003,0.000018,99.916116,0.011726,0.067648,1000
1430,14.300000,0.026840,0.026815,0.000003,0.000019,99.906729,0.011548,0.071064,1000
1440,14.400000,0.026276,0.026254,0.000003,0.000018,99.915616,0.011796,0.068959,1000
1450,14.500000,0.026317,0.026295,0.000003,0.000018,99.916652,0.011777,0.067946,1000
1460,14.600000,0.026281,0.026259,0.000003,0.000018,99.915632,0.010886,0.068946,1000
1470,14.700000,0.026402,0.026380,0.000003,0.000018,99.916921,0.010836,0.068630,1000
1480,14.800000,0.026394,0.026372,0.000002,0.000018,99.916896,0.007226,0.068651,1000
1490,14.900000,0.026382,0.026360,0.000003,0.000017,99.915954,0.011748,0.064164,1000
1500,15.000000,0.026431,0.026409,0.000003,0.000018,99.916110,0.011727,0.068555,1000
1510,15.100000,0.026421,0.026399,0.000003,0.000018,99.916980,0.011731,0.067679,1000
1520,15.200000,0.026333,0.026312,0.000002,0.000018,99.920324,0.008149,0.067905,1000
1530,15.300000,0.026317,0.026296,0.000002,0.000018,99.920277,0.007248,0.068852,1000
1540,15.400000,0.026284,0.026263,0.000002,0.000018,99.920176,0.007257,0.068939,1000
1550,15.500000,0.026358,0.026335,0.000003,0.000018,99.913164,0.010855,0.068745,1000
1560,15.600000,0.026289,0.026268,0.000002,0.000018,99.920192,0.007255,0.068019,1000
1570,15.700000,0.026315,0.026293,0.000003,0.000018,99.916646,0.010872,0.068857,1000
1580,15.800000,0.026361,0.026339,0.000003,0.000018,99.916792,0.010853,0.068737,1000
1590,15.900000,0.026423,0.026402,0.000003,0.000017,99.920596,0.011730,0.064064,1000
1600,16.000000,0.026281,0.026259,0.000002,0.000018,99.916539,0.007257,0.068946,1000
1610,16.100000,0.026282,0.026260,0.000002,0.000017,99.915635,0.007257,0.064408,1000
1620,16.200000,0.026318,0.026296,0.000003,0.000018,99.916656,0.010871,0.068849,1000
1630,16.300000,0.026318,0.026297,0.000002,0.000018,99.921185,0.007247,0.067944,1000
1640,16.400000,0.026341,0.026319,0.000003,0.000017,99.916729,0.011767,0.064264,1000
1650,16.500000,0.026278,0.026257,0.000002,0.000017,99.920158,0.007258,0.064418,1000
1660,16.600000,0.026278,0.026256,0.000003,0.000018,99.916529,0.010888,0.068954,1000
1670,16.700000,0.026348,0.026326,0.000003,0.000018,99.916751,0.010859,0.068771,1000
1680,16.800000,0.026410,0.026387,0.000003,0.000018,99.913335,0.011736,0.067707,1000
1690,16.900000,0.026323,0.026300,0.000003,0.000018,99.913048,0.011775,0.067931,1000
1700,17.000000,0.026277,0.026256,0.000003,0.000017,99.919248,0.011795,0.064420,1000
1710,17.100000,0.026381,0.026359,0.000003,0.000018,99.916855,0.010845,0.068685,1000
1720,17.200000,0.026275,0.026252,0.000003,0.000018,99.911983,0.010889,0.068962,1000
1730,17.300000,0.026307,0.026286,0.000002,0.000018,99.920246,0.008157,0.067972,1000
1740,17.400000,0.026273,0.026252,0.000002,0.000018,99.921050,0.007260,0.068061,1000
1750,17.500000,0.026458,0.026436,0.000002,0.000018,99.917096,0.007209,0.067585,1000
1760,17.600000,0.026464,0.026443,0.000002,0.000018,99.920719,0.007207,0.067569,1000
1770,17.700000,0.026434,0.026412,0.000003,0.000017,99.917021,0.011725,0.064038,1000
1780,17.800000,0.026719,0.026696,0.000003,0.000019,99.914337,0.011600,0.070494,1000
1790,17.900000,0.026399,0.026377,0.000002,0.000018,99.916911,0.007225,0.068639,1000
1800,18.000000,0.026456,0.026434,0.000003,0.000018,99.917091,0.010814,0.068490,1000
1810,18.100000,0.026457,0.026434,0.000003,0.000019,99.913489,0.011715,0.071192,1000
1820,18.200000,0.026615,0.026593,0.000002,0.000018,99.916691,0.007166,0.068081,1000
1830,18.300000,0.026524,0.026502,0.000002,0.000018,99.916404,0.008090,0.067416,1000
1840,18.400000,0.027548,0.027525,0.000003,0.000019,99.916915,0.010386,0.069237,1000
1850,18.500000,0.026580,0.026558,0.000003,0.000017,99.917477,0.011661,0.063686,1000
1860,18.600000,0.026316,0.026295,0.000002,0.000018,99.920273,0.007248,0.068855,1000
1870,18.700000,0.026360,0.026337,0.000003,0.000017,99.912266,0.011758,0.064217,1000
1880,18.800000,0.026274,0.026253,0.000002,0.000017,99.919239,0.007259,0.065335,1000
1890,18.900000,0.026313,0.026292,0.000003,0.000017,99.920264,0.011779,0.064333,1000
1900,19.000000,0.026318,0.026296,0.000003,0.000018,99.915750,0.011777,0.067943,1000
1910,19.100000,0.026315,0.026293,0.000003,0.000018,99.916646,0.010872,0.068857,1000
1920,19.200000,0.026360,0.026338,0.000003,0.000017,99.916789,0.011758,0.064217,1000
1930,19.300000,0.026318,0.026296,0.000002,0.000017,99.915750,0.007247,0.064320,1000
1940,19.400000,0.026276,0.026253,0.000003,0.000018,99.912893,0.011796,0.068053,1000
1950,19.500000,0.028314,0.028292,0.000003,0.000018,99.921689,0.010105,0.063996,1000
1960,19.600000,0.026317,0.026295,0.000002,0.000018,99.916652,0.007248,0.067946,1000
1970,19.700000,0.026550,0.026529,0.000002,0.000018,99.920078,0.008082,0.067350,1000
1980,19.800000,0.026439,0.026416,0.000003,0.000018,99.912529,0.010821,0.068534,1000
1990,19.900000,0.026316,0.026294,0.000003,0.000018,99.916649,0.011778,0.067949,1000
2000,20.000000,0.026356,0.026334,0.000002,0.000018,99.916776,0.007237,0.068750,1000
2010,20.100000,0.026356,0.026335,0.000002,0.000018,99.920394,0.008141,0.067846,1000
2020,20.200000,0.026367,0.026344,0.000003,0.000017,99.912289,0.011755,0.064201,1000
2030,20.300000,0.026314,0.026292,0.000003,0.000018,99.915737,0.011779,0.067954,1000
2040,20.400000,0.026278,0.026255,0.000003,0.000017,99.912900,0.010888,0.065325,1000
2050,20.500000,0.026274,0.026251,0.000003,0.000017,99.912886,0.011797,0.064428,1000
2060,20.600000,0.026297,0.026274,0.000003,0.000018,99.912056,0.011786,0.067998,1000
2070,20.700000,0.026312,0.026289,0.000003,0.000018,99.913012,0.011780,0.067959,1000
2080,20.800000,0.026353,0.026331,0.000002,0.000018,99.916766,0.008142,0.067854,1000
2090,20.900000,0.026357,0.026336,0.000002,0.000017,99.920397,0.007237,0.064225,1000
2100,21.000000,0.026272,0.026251,0.000002,0.000018,99.920139,0.008168,0.068063,1000
2110,21.100000,0.026295,0.026274,0.000003,0.000017,99.920210,0.011787,0.064376,1000
2120,21.200000,0.026316,0.026293,0.000003,0.000018,99.912120,0.010872,0.068854,1000
2130,21.300000,0.026274,0.026252,0.000002,0.000018,99.915610,0.007259,0.068964,1000
2140,21.400000,0.026319,0.026297,0.000003,0.000018,99.915753,0.011776,0.067941,1000
2150,21.500000,0.026321,0.026298,0.000003,0.000018,99.913042,0.010870,0.068842,1000
2160,21.600000,0.026394,0.026372,0.000003,0.000018,99.916896,0.010840,0.068652,1000
2170,21.700000,0.026273,0.026252,0.000003,0.000017,99.920143,0.011797,0.064430,1000
2180,21.800000,0.026484,0.026462,0.000003,0.000018,99.916278,0.011703,0.068418,1000
2190,21.900000,0.026457,0.026435,0.000003,0.000018,99.916193,0.011715,0.067586,1000
2200,22.000000,0.027057,0.027035,0.000003,0.000018,99.918932,0.011455,0.066088,1000
2210,22.100000,0.026482,0.026460,0.000003,0.000018,99.917172,0.010804,0.068423,1000
2220,22.200000,0.026278,0.026256,0.000003,0.000018,99.916529,0.010888,0.068954,1000
2230,22.300000,0.026375,0.026353,0.000003,0.000018,99.916836,0.011751,0.067797,1000
2240,22.399999,0.026401,0.026379,0.000002,0.000018,99.916015,0.008128,0.067730,1000
2250,22.499999,0.026583,0.026562,0.000002,0.000018,99.921074,0.007175,0.067266,1000
2260,22.599999,0.026648,0.026626,0.000003,0.000018,99.917687,0.011631,0.067103,1000
2270,22.699999,0.026584,0.026563,0.000002,0.000018,99.921077,0.008072,0.067264,1000
2280,22.799999,0.026526,0.026504,0.000003,0.000017,99.917309,0.010786,0.063816,1000
2290,22.899999,0.026714,0.026691,0.000003,0.000017,99.914321,0.011602,0.063367,1000
2300,22.999999,0.026422,0.026400,0.000003,0.000018,99.916082,0.011731,0.068578,1000
2310,23.099999,0.026731,0.026709,0.000003,0.000018,99.917052,0.011595,0.066894,1000
2320,23.199999,0.026570,0.026548,0.000003,0.000018,99.917446,0.011665,0.067300,1000
2330,23.299999,0.027594,0.027571,0.000003,0.000017,99.917053,0.011232,0.061346,1000
2340,23.399999,0.026361,0.026339,0.000003,0.000017,99.916792,0.010853,0.065119,1000
2350,23.499999,0.026516,0.026494,0.000003,0.000018,99.916380,0.010790,0.068335,1000
2360,23.599999,0.026440,0.026418,0.000002,0.000017,99.916139,0.007214,0.064925,1000
2370,23.699999,0.026559,0.026537,0.000003,0.000017,99.916515,0.011670,0.063736,1000
2380,23.799999,0.026326,0.026304,0.000003,0.000018,99.915776,0.010868,0.068828,1000
2390,23.899999,0.026378,0.026356,0.000002,0.000018,99.916845,0.008135,0.067789,1000
2400,23.999999,0.026278,0.026256,0.000003,0.000018,99.916529,0.010888,0.068954,1000
2410,24.099999,0.026307,0.026285,0.000003,0.000018,99.915715,0.010875,0.068878,1000
2420,24.199999,0.026277,0.026255,0.000003,0.000018,99.916525,0.011795,0.068050,1000
2430,24.299999,0.026282,0.026260,0.000003,0.000017,99.916542,0.010886,0.065315,1000
2440,24.399999,0.026278,0.026256,0.000003,0.000017,99.916529,0.011795,0.064418,1000
2450,24.499999,0.026276,0.026254,0.000002,0.000018,99.915616,0.007259,0.068959,1000
2460,24.599999,0.026399,0.026377,0.000003,0.000017,99.916911,0.011741,0.064123,1000
2470,24.699999,0.026276,0.026254,0.000003,0.000017,99.916522,0.011796,0.064423,1000
2480,24.799999,0.026278,0.026257,0.000002,0.000018,99.920158,0.008166,0.068047,1000
2490,24.899999,0.026317,0.026295,0.000003,0.000018,99.916653,0.010871,0.068852,1000
2500,24.999999,0.026509,0.026487,0.000003,0.000018,99.916357,0.011692,0.068353,1000
2510,25.099999,0.026373,0.026350,0.000003,0.000017,99.913213,0.011752,0.064186,1000
2520,25.199999,0.026277,0.026255,0.000003,0.000018,99.916526,0.010888,0.068957,1000
2530,25.299999,0.026432,0.026410,0.000003,0.000018,99.917015,0.011726,0.067650,1000
2540,25.399999,0.026470,0.026448,0.000003,0.000017,99.917134,0.010809,0.064851,1000
2550,25.499999,0.026317,0.026295,0.000003,0.000018,99.916652,0.011777,0.067946,1000
2560,25.599999,0.026369,0.026347,0.000003,0.000018,99.916817,0.011754,0.067813,1000
2570,25.699999,0.026320,0.026298,0.000003,0.000018,99.914851,0.011776,0.068844,1000
2580,25.799999,0.026276,0.026254,0.000003,0.000018,99.916522,0.011796,0.068053,1000
2590,25.899999,0.026408,0.026386,0.000003,0.000018,99.916940,0.010834,0.068615,1000
2600,25.999999,0.026366,0.026344,0.000003,0.000018,99.916808,0.010851,0.068724,1000
2610,26.099999,0.026387,0.026365,0.000003,0.000017,99.916874,0.011746,0.064152,1000
2620,26.199999,0.026400,0.026377,0.000003,0.000018,99.912400,0.010837,0.068635,1000
2630,26.299999,0.026572,0.026551,0.000002,0.000017,99.921042,0.007178,0.063705,1000
2640,26.399999,0.026361,0.026339,0.000003,0.000017,99.916792,0.011758,0.064215,1000
2650,26.499999,0.026397,0.026375,0.000003,0.000018,99.916905,0.011742,0.067740,1000
2660,26.599999,0.026430,0.026408,0.000003,0.000018,99.916107,0.011727,0.068557,1000
2670,26.699999,0.026441,0.026419,0.000003,0.000018,99.917043,0.011722,0.067628,1000
2680,26.799999,0.026457,0.026435,0.000003,0.000018,99.917094,0.010814,0.068488,1000
2690,26.899999,0.026517,0.026495,0.000003,0.000018,99.917282,0.010789,0.068332,1000
2700,26.999999,0.026526,0.026504,0.000002,0.000018,99.917309,0.008089,0.067411,1000
2710,27.099999,0.026412,0.026390,0.000003,0.000017,99.916953,0.011735,0.064091,1000
2720,27.199999,0.026477,0.026454,0.000003,0.000018,99.912654,0.011706,0.068436,1000
2730,27.299999,0.026672,0.026650,0.000003,0.000018,99.916869,0.010727,0.067935,1000
2740,27.399999,0.026442,0.026420,0.000003,0.000018,99.917046,0.011722,0.067625,1000
2750,27.499999,0.026413,0.026391,0.000003,0.000017,99.916054,0.010832,0.064088,1000
2760,27.599999,0.026998,0.026975,0.000003,0.000019,99.915223,0.010597,0.070648,1000
2770,27.699999,0.026327,0.026305,0.000003,0.000018,99.916684,0.010867,0.068826,1000
2780,27.799999,0.026380,0.026358,0.000003,0.000018,99.916851,0.011749,0.067784,1000
2790,27.899999,0.026301,0.026278,0.000003,0.000019,99.912976,0.011785,0.071614,1000
2800,27.999999,0.026354,0.026333,0.000002,0.000017,99.919484,0.008142,0.064232,1000
2810,28.099999,0.026337,0.026315,0.000003,0.000017,99.916716,0.011768,0.064274,1000
2820,28.199999,0.026280,0.026257,0.000002,0.000018,99.912906,0.007258,0.068949,1000
2830,28.299999,0.026396,0.026374,0.000003,0.000018,99.916902,0.011742,0.067743,1000
2840,28.399999,0.026540,0.026519,0.000002,0.000018,99.920946,0.008085,0.067375,1000
2850,28.499999,0.026281,0.026259,0.000003,0.000017,99.916538,0.011794,0.064411,1000
2860,28.599999,0.026275,0.026254,0.000003,0.000017,99.920149,0.011796,0.064425,1000
2870,28.699999,0.026418,0.026396,0.000002,0.000018,99.916070,0.007220,0.068588,1000
2880,28.799999,0.026351,0.026329,0.000003,0.000018,99.916760,0.010857,0.068763,1000
2890,28.899999,0.026419,0.026397,0.000003,0.000018,99.916974,0.010829,0.068586,1000
2900,28.999999,0.026601,0.026579,0.000003,0.000018,99.916647,0.011652,0.067221,1000
2910,29.099999,0.026276,0.026254,0.000003,0.000018,99.916522,0.011796,0.068053,1000
2920,29.199999,0.026277,0.026255,0.000003,0.000018,99.916526,0.010888,0.068957,1000
2930,29.299999,0.026281,0.026260,0.000002,0.000018,99.921074,0.007258,0.068040,1000
2940,29.399999,0.026318,0.026297,0.000002,0.000018,99.920280,0.007247,0.068849,1000
2950,29.499999,0.026305,0.026282,0.000003,0.000018,99.912989,0.011783,0.067977,1000
2960,29.599999,0.026361,0.026339,0.000003,0.000018,99.916792,0.010853,0.068737,1000
2970,29.699999,0.026345,0.026322,0.000003,0.000018,99.912216,0.011765,0.068779,1000
2980,29.799999,0.026339,0.026317,0.000003,0.000017,99.916722,0.010862,0.064269,1000
2990,29.899999,0.026319,0.026297,0.000003,0.000017,99.915753,0.011776,0.064317,1000
3000,29.999999,0.026369,0.026347,0.000002,0.000018,99.915913,0.007233,0.068716,1000
3010,30.099999,0.026359,0.026337,0.000003,0.000017,99.916786,0.010854,0.065124,1000
3020,30.199999,0.026312,0.026291,0.000002,0.000018,99.920261,0.008155,0.067959,1000
3030,30.299999,0.026448,0.026426,0.000003,0.000018,99.917066,0.010818,0.068511,1000
3040,30.399999,0.026280,0.026258,0.000003,0.000018,99.916535,0.011794,0.068042,1000
3050,30.499999,0.026320,0.026299,0.000002,0.000018,99.920286,0.007247,0.068844,1000
3060,30.599999,0.026343,0.026322,0.000002,0.000018,99.920355,0.008146,0.067879,1000
3070,30.699999,0.026493,0.026472,0.000002,0.000018,99.920806,0.008099,0.067495,1000
3080,30.799999,0.026421,0.026399,0.000003,0.000017,99.916980,0.011731,0.064070,1000
3090,30.899999,0.026288,0.026254,0.000003,0.000029,99.870307,0.010883,0.110648,1000
3100,30.999999,0.026453,0.026430,0.000003,0.000018,99.912575,0.011717,0.067597,1000
3110,31.099999,0.026278,0.026256,0.000003,0.000018,99.916529,0.011795,0.068047,1000
3120,31.199999,0.026511,0.026487,0.000003,0.000019,99.910068,0.010792,0.071946,1000
3130,31.299999,0.026399,0.026376,0.000003,0.000017,99.913299,0.011741,0.064123,1000
3140,31.399999,0.026277,0.026255,0.000003,0.000018,99.916526,0.010888,0.068957,1000
3150,31.499999,0.026474,0.026452,0.000003,0.000017,99.916246,0.011707,0.063941,1000
3160,31.599999,0.026416,0.026394,0.000003,0.000018,99.916063,0.011733,0.067691,1000
3170,31.699999,0.026660,0.026637,0.000002,0.000017,99.914148,0.007154,0.063495,1000
3180,31.799999,0.026629,0.026607,0.000003,0.000017,99.915839,0.011639,0.063568,1000
3190,31.899999,0.026524,0.026502,0.000003,0.000017,99.917303,0.010787,0.064719,1000
3200,31.999999,0.026634,0.026612,0.000003,0.000018,99.917645,0.010742,0.068033,1000
3210,32.099999,0.026489,0.026468,0.000002,0.000018,99.919894,0.008101,0.067505,1000
3220,32.199999,0.026564,0.026543,0.000002,0.000018,99.921915,0.007180,0.067315,1000
3230,32.299999,0.026659,0.026636,0.000003,0.000019,99.914145,0.010732,0.071546,1000
3240,32.399999,0.026732,0.026708,0.000003,0.000019,99.909028,0.011594,0.071350,1000
3250,32.499999,0.026360,0.026337,0.000003,0.000018,99.912266,0.011758,0.068740,1000
3260,32.599999,0.026281,0.026259,0.000003,0.000017,99.916538,0.011794,0.064411,1000
3270,32.699999,0.026318,0.026297,0.000002,0.000018,99.920280,0.007247,0.068849,1000
3280,32.799999,0.026320,0.026297,0.000003,0.000017,99.912133,0.011776,0.064315,1000
3290,32.899999,0.026324,0.026302,0.000003,0.000018,99.915769,0.011774,0.067928,1000
3300,32.999999,0.026325,0.026303,0.000003,0.000017,99.916678,0.010868,0.065209,1000
3310,33.099999,0.026318,0.026295,0.000003,0.000018,99.913032,0.011777,0.067944,1000
3320,33.199999,0.026281,0.026259,0.000003,0.000018,99.916539,0.010886,0.068946,1000
3330,33.299999,0.026299,0.026277,0.000003,0.000018,99.916596,0.010879,0.068899,1000
3340,33.399999,0.026408,0.026386,0.000003,0.000017,99.916940,0.010834,0.065004,1000
3350,33.499999,0.026299,0.026277,0.000003,0.000018,99.916596,0.011785,0.067993,1000
3360,33.599999,0.026354,0.026333,0.000002,0.000018,99.920389,0.007237,0.068755,1000
3370,33.699999,0.026465,0.026443,0.000003,0.000017,99.917119,0.011712,0.063963,1000
3380,33.799999,0.026273,0.026250,0.000003,0.000018,99.912883,0.010890,0.068967,1000
3390,33.899999,0.026358,0.026336,0.000003,0.000017,99.916782,0.011759,0.064223,1000
3400,33.999999,0.026323,0.026301,0.000003,0.000018,99.916672,0.010869,0.068836,1000
3410,34.099999,0.026434,0.026411,0.000003,0.000017,99.913414,0.010823,0.064940,1000
3420,34.199999,0.026418,0.026396,0.000002,0.000018,99.916971,0.008122,0.067686,1000
3430,34.299999,0.026283,0.026261,0.000002,0.000018,99.916545,0.007257,0.068941,1000
3440,34.399999,0.026495,0.026472,0.000002,0.000018,99.913613,0.007199,0.068390,1000
3450,34.499999,0.026341,0.026319,0.000003,0.000017,99.916729,0.011767,0.064264,1000
3460,34.599999,0.026306,0.026284,0.000003,0.000017,99.916618,0.011782,0.064349,1000
3470,34.699999,0.026277,0.026255,0.000003,0.000017,99.916525,0.011795,0.064421,1000
3480,34.799999,0.026306,0.026284,0.000003,0.000017,99.916618,0.011782,0.064349,1000
3490,34.899999,0.026319,0.026297,0.000003,0.000018,99.916659,0.010871,0.068847,1000
3500,34.999999,0.026325,0.026303,0.000003,0.000018,99.916678,0.010868,0.068831,1000
3510,35.099999,0.026751,0.026728,0.000002,0.000018,99.914440,0.007130,0.067735,1000
3520,35.199999,0.026273,0.026252,0.000002,0.000018,99.920143,0.007260,0.068060,1000
3530,35.299999,0.026397,0.026375,0.000003,0.000017,99.916905,0.011742,0.064127,1000
3540,35.399999,0.026435,0.026412,0.000003,0.000018,99.912516,0.010823,0.068544,1000
3550,35.499999,0.026314,0.026293,0.000002,0.000017,99.919361,0.008154,0.064330,1000
3560,35.599999,0.026674,0.026652,0.000003,0.000018,99.917768,0.010726,0.067931,1000
3570,35.699999,0.026409,0.026387,0.000003,0.000018,99.916944,0.010833,0.068612,1000
3580,35.799999,0.026422,0.026399,0.000003,0.000018,99.913375,0.010828,0.068578,1000
3590,35.899999,0.026520,0.026498,0.000003,0.000017,99.917291,0.010788,0.064729,1000
3600,35.999999,0.026548,0.026511,0.000003,0.000033,99.860799,0.011675,0.123934,1000
3610,36.099999,0.026491,0.026469,0.000003,0.000018,99.917200,0.010800,0.068400,1000
3620,36.199999,0.026849,0.026827,0.000003,0.000017,99.918304,0.011544,0.063048,1000
3630,36.299999,0.026513,0.026491,0.000002,0.000018,99.917268,0.008093,0.067444,1000
3640,36.399999,0.026444,0.026422,0.000003,0.000018,99.917053,0.011721,0.067620,1000
3650,36.499999,0.026527,0.026504,0.000003,0.000017,99.913717,0.011684,0.063813,1000
3660,36.599999,0.026650,0.026628,0.000003,0.000018,99.917694,0.010736,0.067992,1000
3670,36.699999,0.026489,0.026466,0.000003,0.000018,99.912694,0.011701,0.068405,1000
3680,36.799999,0.026759,0.026736,0.000002,0.000018,99.913575,0.007128,0.067714,1000
3690,36.899999,0.026274,0.026253,0.000002,0.000018,99.920146,0.008167,0.068057,1000
3700,36.999999,0.026314,0.026292,0.000003,0.000018,99.915737,0.011779,0.067954,1000
3710,37.099999,0.026357,0.026335,0.000003,0.000018,99.916779,0.011759,0.067843,1000
3720,37.199999,0.026315,0.026294,0.000002,0.000018,99.920270,0.007248,0.068857,1000
3730,37.299999,0.026342,0.026320,0.000003,0.000018,99.915827,0.010861,0.068786,1000
3740,37.399999,0.026403,0.026382,0.000002,0.000018,99.920536,0.008127,0.067725,1000
3750,37.499999,0.026316,0.026294,0.000003,0.000018,99.915744,0.011778,0.068854,1000
3760,37.599999,0.026653,0.026631,0.000003,0.000018,99.916809,0.011629,0.067089,1000
3770,37.699999,0.026277,0.026255,0.000003,0.000017,99.916526,0.010888,0.064420,1000
3780,37.799999,0.026361,0.026339,0.000003,0.000018,99.916792,0.010853,0.068737,1000
3790,37.899999,0.026319,0.026297,0.000003,0.000017,99.916659,0.011776,0.064317,1000
3800,37.999999,0.026273,0.026252,0.000002,0.000018,99.920143,0.007260,0.068967,1000
3810,38.099999,0.026275,0.026253,0.000003,0.000018,99.915613,0.011796,0.068962,1000
3820,38.199999,0.026305,0.026283,0.000003,0.000017,99.916615,0.010876,0.065258,1000
3830,38.299999,0.026275,0.026253,0.000003,0.000018,99.916519,0.010889,0.068962,1000
3840,38.399999,0.026397,0.026376,0.000003,0.000017,99.919616,0.010838,0.065030,1000
3850,38.499999,0.026558,0.026535,0.000003,0.000017,99.912921,0.010773,0.063738,1000
3860,38.599999,0.026317,0.026295,0.000003,0.000018,99.916653,0.010871,0.068852,1000
3870,38.699999,0.026357,0.026335,0.000003,0.000018,99.915875,0.011759,0.068747,1000
3880,38.799999,0.026367,0.026345,0.000003,0.000018,99.916811,0.010851,0.068722,1000
3890,38.899999,0.026306,0.026283,0.000003,0.000018,99.911180,0.011782,0.068881,1000
3900,38.999999,0.026430,0.026408,0.000003,0.000018,99.916107,0.010825,0.068557,1000
3910,39.099999,0.026341,0.026319,0.000003,0.000018,99.916729,0.011767,0.067884,1000
3920,39.199999,0.026276,0.026254,0.000002,0.000018,99.916523,0.007259,0.068959,1000
3930,39.299999,0.026357,0.026335,0.000003,0.000018,99.916779,0.011759,0.067843,1000
3940,39.399999,0.026318,0.026297,0.000002,0.000018,99.919374,0.008153,0.067943,1000
3950,39.499999,0.026494,0.026472,0.000003,0.000017,99.917210,0.011699,0.063893,1000
3960,39.599999,0.026335,0.026313,0.000003,0.000018,99.916710,0.010864,0.068805,1000
3970,39.699999,0.026358,0.026336,0.000003,0.000018,99.916782,0.011759,0.067841,1000
3980,39.799999,0.026357,0.026336,0.000002,0.000017,99.920398,0.007237,0.065129,1000
3990,39.899999,0.026310,0.026288,0.000002,0.000018,99.916630,0.008156,0.067964,1000
4000,39.999999,0.026400,0.026378,0.000003,0.000017,99.916915,0.010837,0.064120,1000
4010,40.099999,0.026476,0.026454,0.000003,0.000017,99.917153,0.011707,0.063936,1000
4020,40.199999,0.026439,0.026417,0.000003,0.000017,99.917037,0.011723,0.064026,1000
4030,40.299999,0.026482,0.026460,0.000002,0.000018,99.916272,0.007202,0.068423,1000
4040,40.399999,0.026449,0.026427,0.000003,0.000017,99.917069,0.010817,0.064903,1000
4050,40.499999,0.026453,0.026426,0.000003,0.000022,99.898154,0.010815,0.082919,1000
4060,40.599999,0.026459,0.026438,0.000002,0.000018,99.920704,0.007209,0.068483,1000
4070,40.699999,0.026487,0.026465,0.000003,0.000018,99.917187,0.011702,0.067510,1000
4080,40.799999,0.026456,0.026435,0.000003,0.000017,99.919795,0.011715,0.063984,1000
4090,40.899999,0.028026,0.028004,0.000003,0.000017,99.920885,0.010208,0.061251,1000
4100,40.999999,0.026362,0.026340,0.000003,0.000018,99.916795,0.011757,0.067830,1000
4110,41.099999,0.026361,0.026340,0.000002,0.000018,99.920410,0.007235,0.068737,1000
4120,41.199999,0.026492,0.026470,0.000003,0.000018,99.917204,0.010800,0.068397,1000
4130,41.299999,0.026443,0.026421,0.000003,0.000017,99.916148,0.011721,0.064016,1000
4140,41.399999,0.026314,0.026292,0.000003,0.000017,99.916643,0.010873,0.065236,1000
4150,41.499999,0.026277,0.026256,0.000002,0.000018,99.920155,0.007259,0.068957,1000
4160,41.599999,0.026275,0.026253,0.000003,0.000017,99.916519,0.011796,0.064425,1000
4170,41.699999,0.026274,0.026252,0.000003,0.000018,99.916516,0.011797,0.068057,1000
4180,41.799999,0.026279,0.026257,0.000003,0.000017,99.916532,0.011794,0.064415,1000
4190,41.899999,0.026273,0.026251,0.000002,0.000018,99.916513,0.007260,0.068967,1000
4200,41.999999,0.026303,0.026281,0.000003,0.000018,99.916608,0.011784,0.067983,1000
4210,42.099999,0.026351,0.026329,0.000003,0.000017,99.916760,0.011762,0.064239,1000
4220,42.199999,0.027568,0.027545,0.000004,0.000018,99.916975,0.014702,0.064863,1000
4230,42.299999,0.026374,0.026352,0.000003,0.000018,99.915929,0.010848,0.068703,1000
4240,42.399999,0.026274,0.026253,0.000003,0.000017,99.920146,0.011797,0.064428,1000
4250,42.499999,0.026274,0.026253,0.000002,0.000017,99.920146,0.008167,0.064428,1000
4260,42.599999,0.026338,0.026313,0.000003,0.000019,99.904046,0.011768,0.072418,1000
4270,42.699999,0.026360,0.026338,0.000003,0.000018,99.916789,0.011758,0.067835,1000
4280,42.799999,0.026278,0.026256,0.000003,0.000018,99.916529,0.011795,0.068047,1000
4290,42.899999,0.026451,0.026429,0.000003,0.000018,99.917075,0.011718,0.067602,1000
4300,42.999999,0.026344,0.026323,0.000003,0.000017,99.920358,0.010860,0.065161,1000
4310,43.099999,0.026347,0.026325,0.000003,0.000017,99.916748,0.010859,0.064249,1000
4320,43.199999,0.026320,0.026298,0.000003,0.000018,99.916662,0.010870,0.068844,1000
4330,43.299999,0.026400,0.026378,0.000003,0.000018,99.916914,0.011740,0.067733,1000
4340,43.399999,0.026371,0.026349,0.000003,0.000018,99.916823,0.010849,0.068711,1000
4350,43.499999,0.026279,0.026257,0.000003,0.000017,99.916532,0.011794,0.064415,1000
4360,43.599999,0.026309,0.026287,0.000003,0.000018,99.916627,0.011781,0.067967,1000
4370,43.699999,0.026338,0.026316,0.000003,0.000017,99.916719,0.011768,0.064271,1000
4380,43.799999,0.026320,0.026297,0.000003,0.000018,99.912133,0.011776,0.067938,1000
4390,43.899999,0.026385,0.026363,0.000003,0.000018,99.915964,0.011747,0.067771,1000
4400,43.999999,0.026304,0.026282,0.000003,0.000017,99.916612,0.010877,0.065261,1000
4410,44.099999,0.026337,0.026315,0.000003,0.000017,99.916716,0.010863,0.065179,1000
4420,44.199999,0.026360,0.026338,0.000003,0.000018,99.915884,0.011758,0.067835,1000
4430,44.299999,0.026414,0.026392,0.000003,0.000018,99.916057,0.010831,0.068599,1000
4440,44.399999,0.026461,0.026439,0.000003,0.000017,99.917106,0.011713,0.063973,1000
4450,44.499999,0.026322,0.026300,0.000003,0.000018,99.916668,0.011775,0.067934,1000
4460,44.599999,0.026501,0.026479,0.000003,0.000018,99.916332,0.010796,0.068374,1000
4470,44.699999,0.026488,0.026466,0.000003,0.000018,99.917191,0.010801,0.068407,1000
4480,44.799999,0.026534,0.026513,0.000002,0.000018,99.920928,0.008087,0.067391,1000
4490,44.899999,0.026466,0.026444,0.000003,0.000018,99.917122,0.011711,0.067564,1000
4500,44.999999,0.026434,0.026412,0.000003,0.000017,99.917021,0.011725,0.064038,1000
4510,45.099999,0.026529,0.026507,0.000003,0.000017,99.916420,0.011683,0.063808,1000
4520,45.199999,0.026441,0.026419,0.000003,0.000017,99.917044,0.010820,0.064922,1000
4530,45.299999,0.026645,0.026623,0.000003,0.000018,99.917679,0.010738,0.068005,1000
4540,45.399999,0.026484,0.026462,0.000003,0.000018,99.917178,0.010803,0.068418,1000
4550,45.499999,0.026549,0.026528,0.000002,0.000018,99.921871,0.007184,0.067353,1000
4560,45.599999,0.026659,0.026637,0.000003,0.000017,99.917722,0.010732,0.064392,1000
4570,45.699999,0.026408,0.026386,0.000003,0.000018,99.916940,0.011737,0.067712,1000
4580,45.799999,0.026359,0.026337,0.000003,0.000018,99.916785,0.011759,0.067838,1000
4590,45.899999,0.026570,0.026548,0.000003,0.000018,99.917447,0.010768,0.068196,1000
4600,45.999999,0.027499,0.027475,0.000003,0.000018,99.913299,0.010404,0.065893,1000
4610,46.099999,0.026303,0.026280,0.000003,0.000017,99.912076,0.011784,0.064356,1000
4620,46.199999,0.026451,0.026429,0.000003,0.000018,99.917075,0.011718,0.067602,1000
4630,46.299999,0.026366,0.026344,0.000003,0.000017,99.916808,0.010851,0.065107,1000
4640,46.399999,0.026363,0.026336,0.000003,0.000021,99.896903,0.011757,0.079584,1000
4650,46.499999,0.026444,0.026422,0.000003,0.000018,99.917053,0.011721,0.067620,1000
4660,46.599999,0.026741,0.026719,0.000003,0.000018,99.917974,0.011591,0.066869,1000
4670,46.699999,0.026395,0.026372,0.000003,0.000017,99.913285,0.011743,0.064133,1000
4680,46.799999,0.026305,0.026282,0.000003,0.000017,99.912989,0.010876,0.065258,1000
4690,46.899999,0.026272,0.026251,0.000002,0.000018,99.920140,0.008167,0.068062,1000
4700,46.999999,0.026315,0.026294,0.000003,0.000017,99.920270,0.010872,0.065233,1000
4710,47.099999,0.026314,0.026293,0.000002,0.000018,99.920267,0.007248,0.068860,1000
4720,47.199999,0.026276,0.026255,0.000002,0.000018,99.920152,0.008166,0.068053,1000
4730,47.299999,0.026552,0.026529,0.000003,0.000019,99.913799,0.010775,0.071835,1000
4740,47.399999,0.026282,0.026261,0.000002,0.000018,99.920171,0.007257,0.068944,1000
4750,47.499999,0.026320,0.026298,0.000003,0.000018,99.916662,0.010870,0.068844,1000
4760,47.599999,0.026307,0.026285,0.000003,0.000017,99.916621,0.011782,0.064347,1000
4770,47.699999,0.026275,0.026253,0.000003,0.000018,99.916519,0.011796,0.068055,1000
4780,47.799999,0.026383,0.026361,0.000003,0.000018,99.916861,0.011748,0.067776,1000
4790,47.899999,0.026361,0.026339,0.000003,0.000018,99.916792,0.011758,0.067833,1000
4800,47.999999,0.026286,0.026264,0.000003,0.000018,99.916554,0.011791,0.068027,1000
4810,48.099999,0.026476,0.026454,0.000003,0.000018,99.917153,0.010806,0.068439,1000
4820,48.199999,0.026364,0.026342,0.000003,0.000017,99.916802,0.010852,0.065112,1000
4830,48.299999,0.026370,0.026348,0.000003,0.000018,99.916820,0.010850,0.068714,1000
4840,48.399999,0.026316,0.026294,0.000003,0.000018,99.915744,0.010872,0.068854,1000
4850,48.499999,0.026442,0.026420,0.000003,0.000017,99.917047,0.010820,0.064018,1000
4860,48.599999,0.026362,0.026340,0.000003,0.000018,99.915891,0.010853,0.068734,1000
4870,48.699999,0.026286,0.026264,0.000003,0.000017,99.916554,0.011791,0.064399,1000
4880,48.799999,0.026318,0.026296,0.000003,0.000018,99.916655,0.011777,0.067944,1000
4890,48.899999,0.026464,0.026442,0.000003,0.000017,99.917116,0.010811,0.063965,1000
4900,48.999999,0.026590,0.026567,0.000003,0.000019,99.913921,0.011656,0.070836,1000
4910,49.099999,0.026280,0.026258,0.000002,0.000018,99.915629,0.007258,0.068949,1000
4920,49.199999,0.026547,0.026525,0.000003,0.000018,99.917375,0.011675,0.067358,1000
4930,49.299999,0.026539,0.026517,0.000002,0.000018,99.916452,0.007187,0.068276,1000
4940,49.399999,0.026702,0.026681,0.000002,0.000018,99.921426,0.008036,0.066967,1000
4950,49.499999,0.026583,0.026562,0.000002,0.000018,99.921074,0.007175,0.068163,1000
4960,49.599999,0.026586,0.026565,0.000002,0.000018,99.921083,0.008071,0.067259,1000
4970,49.699999,0.026462,0.026440,0.000003,0.000018,99.917109,0.011713,0.067574,1000
4980,49.799999,0.026623,0.026601,0.000003,0.000017,99.917611,0.011642,0.063583,1000
4990,49.899999,0.026430,0.026409,0.000002,0.000018,99.920617,0.008119,0.067656,1000
5000,49.999999,0.026541,0.026519,0.000003,0.000018,99.917356,0.011678,0.067373,1000
5010,50.099999,0.027116,0.027092,0.000003,0.000019,99.912074,0.010551,0.070341,1000
5020,50.199999,0.026716,0.026694,0.000003,0.000018,99.917897,0.010709,0.067824,1000
5030,50.299999,0.026400,0.026378,0.000003,0.000018,99.916915,0.010837,0.068635,1000
5040,50.399999,0.026400,0.026378,0.000003,0.000018,99.916915,0.010837,0.068635,1000
5050,50.499999,0.026324,0.026302,0.000002,0.000017,99.915769,0.008151,0.064305,1000
5060,50.599999,0.026322,0.026300,0.000003,0.000018,99.915763,0.010869,0.068839,1000
5070,50.699999,0.026416,0.026394,0.000003,0.000017,99.916965,0.011733,0.064082,1000
5080,50.799999,0.026276,0.026254,0.000003,0.000018,99.916522,0.011796,0.068053,1000
5090,50.899999,0.026332,0.026310,0.000003,0.000018,99.916700,0.011771,0.067908,1000
5100,50.999999,0.026359,0.026338,0.000002,0.000018,99.921308,0.007236,0.067838,1000
5110,51.099999,0.026323,0.026301,0.000003,0.000018,99.916671,0.011775,0.067931,1000
5120,51.199999,0.026281,0.026259,0.000003,0.000018,99.915632,0.011793,0.068946,1000
5130,51.299999,0.026281,0.026258,0.000003,0.000017,99.912909,0.011794,0.064411,1000
5140,51.399999,0.026279,0.026257,0.000003,0.000018,99.914718,0.011794,0.068951,1000
5150,51.499999,0.026532,0.026509,0.000003,0.000017,99.913733,0.010783,0.064700,1000
5160,51.599999,0.026278,0.026256,0.000003,0.000018,99.915622,0.011795,0.068047,1000
5170,51.699999,0.026461,0.026439,0.000003,0.000017,99.916206,0.010812,0.064873,1000
5180,51.799999,0.026366,0.026344,0.000003,0.000017,99.916808,0.011755,0.064203,1000
5190,51.899999,0.026676,0.026654,0.000003,0.000018,99.916881,0.010725,0.067925,1000
5200,51.999999,0.026323,0.026302,0.000002,0.000018,99.920295,0.007246,0.068836,1000
5210,52.099999,0.026322,0.026300,0.000003,0.000018,99.916668,0.011775,0.067934,1000
5220,52.199999,0.026281,0.026259,0.000003,0.000017,99.916539,0.010886,0.064410,1000
5230,52.299999,0.026377,0.026355,0.000003,0.000018,99.915938,0.011751,0.067792,1000
5240,52.399999,0.026275,0.026253,0.000003,0.000017,99.915613,0.010889,0.065332,1000
5250,52.499999,0.026310,0.026288,0.000002,0.000018,99.916630,0.007250,0.068871,1000
5260,52.599999,0.026378,0.026356,0.000003,0.000018,99.916845,0.011750,0.067789,1000
5270,52.699999,0.026428,0.026406,0.000003,0.000018,99.917003,0.011728,0.067661,1000
5280,52.799999,0.026313,0.026292,0.000002,0.000018,99.920265,0.007249,0.068862,1000
5290,52.899999,0.026283,0.026261,0.000003,0.000018,99.916545,0.010885,0.068941,1000
5300,52.999999,0.026505,0.026483,0.000003,0.000017,99.917244,0.010794,0.063866,1000
5310,53.099999,0.026329,0.026308,0.000002,0.000018,99.920313,0.007244,0.068821,1000
5320,53.199999,0.026392,0.026370,0.000003,0.000018,99.916889,0.010841,0.068657,1000
5330,53.299999,0.026316,0.026294,0.000003,0.000018,99.916649,0.011778,0.067949,1000
5340,53.399999,0.026636,0.026614,0.000003,0.000017,99.917651,0.010741,0.063552,1000
5350,53.499999,0.026400,0.026378,0.000003,0.000017,99.916915,0.010837,0.065023,1000
5360,53.599999,0.026446,0.026425,0.000002,0.000018,99.920666,0.007212,0.068516,1000
5370,53.699999,0.026482,0.026460,0.000003,0.000017,99.917172,0.011704,0.063922,1000
5380,53.799999,0.026302,0.026281,0.000003,0.000017,99.919325,0.011784,0.064359,1000
5390,53.899999,0.026402,0.026381,0.000002,0.000017,99.920533,0.008127,0.064115,1000
5400,53.999999,0.026496,0.026474,0.000003,0.000018,99.916316,0.010798,0.068387,1000
5410,54.099999,0.026318,0.026296,0.000003,0.000018,99.915750,0.011777,0.068849,1000
5420,54.199999,0.026460,0.026439,0.000002,0.000018,99.919807,0.007208,0.068480,1000
5430,54.299999,0.026455,0.026433,0.000003,0.000017,99.917087,0.011716,0.063987,1000
5440,54.399999,0.026500,0.026478,0.000003,0.000018,99.917228,0.010796,0.068377,1000
5450,54.499999,0.026560,0.026538,0.000003,0.000018,99.917415,0.010772,0.068222,1000
5460,54.599999,0.026458,0.026436,0.000003,0.000017,99.917096,0.011715,0.063980,1000
5470,54.699999,0.026485,0.026463,0.000003,0.000018,99.917181,0.010802,0.068415,1000
5480,54.799999,0.026488,0.026467,0.000002,0.000018,99.920791,0.007201,0.068407,1000
5490,54.899999,0.026742,0.026720,0.000003,0.000017,99.917977,0.010699,0.064192,1000
5500,54.999999,0.026416,0.026395,0.000002,0.000018,99.919673,0.008123,0.067691,1000
5510,55.099999,0.026568,0.026546,0.000003,0.000018,99.916543,0.011666,0.068201,1000
5520,55.199999,0.026982,0.026959,0.000003,0.000019,99.914289,0.011487,0.070689,1000
5530,55.299999,0.026562,0.026540,0.000003,0.000017,99.917421,0.010771,0.063729,1000
5540,55.399999,0.026498,0.026475,0.000003,0.000019,99.913622,0.011697,0.071082,1000
5550,55.499999,0.026276,0.026254,0.000003,0.000018,99.916522,0.011796,0.068053,1000
5560,55.599999,0.026409,0.026386,0.000003,0.000018,99.913332,0.011736,0.067710,1000
5570,55.699999,0.026279,0.026257,0.000003,0.000017,99.916532,0.011794,0.064415,1000
5580,55.799999,0.026273,0.026251,0.000003,0.000018,99.916513,0.010890,0.068967,1000
5590,55.899999,0.026301,0.026279,0.000003,0.000017,99.916602,0.011785,0.064362,1000
5600,55.999999,0.026276,0.026254,0.000003,0.000018,99.915616,0.011796,0.068052,1000
5610,56.099999,0.026411,0.026389,0.000003,0.000018,99.916950,0.011735,0.067704,1000
5620,56.199999,0.026307,0.026285,0.000003,0.000018,99.915715,0.011782,0.067972,1000
5630,56.299999,0.026279,0.026258,0.000002,0.000018,99.920161,0.008165,0.068044,1000
5640,56.399999,0.026280,0.026258,0.000003,0.000018,99.915629,0.010887,0.068949,1000
5650,56.499999,0.026418,0.026396,0.000003,0.000017,99.916069,0.011732,0.064077,1000
5660,56.599999,0.026565,0.026542,0.000002,0.000018,99.912944,0.007180,0.068209,1000
5670,56.699999,0.026280,0.026259,0.000002,0.000018,99.920164,0.008165,0.068042,1000
5680,56.799999,0.026577,0.026555,0.000003,0.000018,99.917468,0.011662,0.067281,1000
5690,56.899999,0.026310,0.026287,0.000003,0.000017,99.913006,0.011780,0.064340,1000
5700,56.999999,0.026557,0.026535,0.000003,0.000018,99.917406,0.011671,0.067332,1000
5710,57.099999,0.026389,0.026367,0.000003,0.000017,99.916880,0.011745,0.064147,1000
5720,57.199999,0.026277,0.026255,0.000003,0.000017,99.916526,0.010888,0.065327,1000
5730,57.299999,0.026315,0.026293,0.000003,0.000018,99.916646,0.010872,0.068857,1000
5740,57.399999,0.026321,0.026300,0.000002,0.000018,99.920288,0.008152,0.067936,1000
5750,57.499999,0.026279,0.026258,0.000003,0.000017,99.920161,0.010887,0.065323,1000
5760,57.599999,0.026353,0.026331,0.000003,0.000018,99.916766,0.011761,0.067854,1000
5770,57.699999,0.026278,0.026257,0.000003,0.000017,99.920158,0.011795,0.064418,1000
5780,57.799999,0.026281,0.026259,0.000003,0.000017,99.915632,0.011793,0.064410,1000
5790,57.899999,0.026324,0.026302,0.000003,0.000018,99.916675,0.011774,0.067928,1000
5800,57.999999,0.026317,0.026296,0.000002,0.000018,99.920276,0.008154,0.067946,1000
5810,58.099999,0.026485,0.026462,0.000003,0.000017,99.912680,0.011703,0.063914,1000
5820,58.199999,0.026282,0.026260,0.000003,0.000018,99.916541,0.011793,0.068037,1000
5830,58.299999,0.026282,0.026259,0.000003,0.000018,99.912006,0.011793,0.068944,1000
5840,58.399999,0.026316,0.026293,0.000003,0.000017,99.912120,0.010872,0.064324,1000
5850,58.499999,0.026284,0.026263,0.000003,0.000017,99.920176,0.010885,0.064403,1000
5860,58.599999,0.026357,0.026335,0.000002,0.000018,99.916779,0.007237,0.068748,1000
5870,58.699999,0.026423,0.026401,0.000003,0.000018,99.916987,0.011730,0.067674,1000
5880,58.799999,0.026483,0.026462,0.000002,0.000018,99.919876,0.008102,0.067520,1000
5890,58.899999,0.026356,0.026335,0.000002,0.000018,99.920394,0.008141,0.067846,1000
5900,58.999999,0.026287,0.026265,0.000003,0.000018,99.915651,0.011791,0.068024,1000
5910,59.099999,0.026322,0.026299,0.000003,0.000018,99.913045,0.011775,0.067934,1000
5920,59.199999,0.026279,0.026257,0.000003,0.000018,99.916532,0.010887,0.068952,1000
5930,59.299999,0.026432,0.026409,0.000003,0.000018,99.912505,0.011726,0.067650,1000
5940,59.399999,0.026490,0.026468,0.000003,0.000018,99.917197,0.011700,0.067502,1000
5950,59.499999,0.026359,0.026337,0.000003,0.000017,99.916785,0.011759,0.064220,1000
5960,59.599999,0.026369,0.026347,0.000003,0.000017,99.916817,0.011754,0.064196,1000
5970,59.699999,0.026337,0.026315,0.000003,0.000018,99.916716,0.011768,0.067895,1000
5980,59.799999,0.026794,0.026772,0.000003,0.000018,99.918136,0.011568,0.066737,1000
5990,59.899999,0.026561,0.026539,0.000003,0.000017,99.917418,0.010772,0.064629,1000
6000,59.999999,0.026463,0.026439,0.000003,0.000019,99.909004,0.011712,0.072076,1000
6010,60.099999,0.026316,0.026295,0.000002,0.000018,99.920274,0.007248,0.068854,1000
6020,60.199999,0.026355,0.026332,0.000003,0.000017,99.913154,0.010856,0.065134,1000
6030,60.299999,0.026521,0.026499,0.000003,0.000018,99.915497,0.011687,0.068322,1000
6040,60.399999,0.026438,0.026416,0.000003,0.000017,99.917034,0.011723,0.064028,1000
6050,60.499999,0.026612,0.026590,0.000003,0.000017,99.917576,0.011647,0.063610,1000
6060,60.599999,0.026520,0.026498,0.000002,0.000018,99.916392,0.008091,0.067426,1000
6070,60.699999,0.026485,0.026463,0.000003,0.000017,99.915382,0.011703,0.063914,1000
6080,60.799999,0.026586,0.026565,0.000002,0.000018,99.920187,0.008071,0.067259,1000
6090,60.899999,0.026699,0.026676,0.000003,0.000017,99.913380,0.011609,0.063402,1000
6100,60.999999,0.026410,0.026388,0.000003,0.000017,99.916044,0.011736,0.064096,1000
6110,61.099999,0.026493,0.026472,0.000002,0.000018,99.920806,0.007199,0.068395,1000
6120,61.199999,0.026547,0.026524,0.000003,0.000018,99.913782,0.010777,0.068256,1000
6130,61.299999,0.026772,0.026750,0.000003,0.000018,99.917179,0.011577,0.066791,1000
6140,61.399999,0.026465,0.026444,0.000002,0.000018,99.920722,0.008108,0.067566,1000
6150,61.499999,0.026590,0.026567,0.000003,0.000019,99.913922,0.010760,0.071732,1000
6160,61.599999,0.026380,0.026356,0.000003,0.000020,99.909621,0.011749,0.075015,1000
6170,61.699999,0.026294,0.026271,0.000003,0.000019,99.912046,0.011788,0.071633,1000
6180,61.799999,0.026366,0.026343,0.000003,0.000017,99.913191,0.010851,0.064203,1000
6190,61.899999,0.026445,0.026422,0.000003,0.000018,99.912549,0.010819,0.068518,1000
6200,61.999999,0.026320,0.026299,0.000002,0.000017,99.920286,0.008153,0.064315,1000
6210,62.099999,0.026536,0.026514,0.000003,0.000017,99.917341,0.010782,0.064690,1000
6220,62.199999,0.026343,0.026321,0.000003,0.000018,99.916735,0.010861,0.068784,1000
6230,62.299999,0.026398,0.026376,0.000003,0.000018,99.916006,0.010838,0.068640,1000
6240,62.399999,0.026285,0.026264,0.000002,0.000018,99.920179,0.008163,0.068029,1000
6250,62.499999,0.026485,0.026463,0.000003,0.000018,99.917181,0.010802,0.068415,1000
6260,62.599999,0.026429,0.026407,0.000003,0.000017,99.916104,0.011727,0.064049,1000
6270,62.699999,0.026391,0.026369,0.000003,0.000018,99.915983,0.011744,0.067756,1000
6280,62.799999,0.026302,0.026281,0.000002,0.000018,99.921137,0.007252,0.067985,1000
6290,62.899999,0.026362,0.026340,0.000003,0.000018,99.916795,0.011757,0.067830,1000
6300,62.999999,0.026322,0.026300,0.000003,0.000018,99.916668,0.010869,0.068839,1000
6310,63.099999,0.026392,0.026370,0.000003,0.000018,99.916889,0.011744,0.067753,1000
6320,63.199999,0.026377,0.026355,0.000003,0.000018,99.916842,0.011751,0.067792,1000
6330,63.299999,0.026330,0.026308,0.000003,0.000018,99.916694,0.011772,0.067913,1000
6340,63.399999,0.026278,0.026257,0.000003,0.000017,99.920158,0.011795,0.064418,1000
6350,63.499999,0.026280,0.026259,0.000002,0.000017,99.920164,0.008165,0.064413,1000
6360,63.599999,0.026506,0.026483,0.000003,0.000018,99.912749,0.011693,0.067462,1000
6370,63.699999,0.026287,0.026265,0.000003,0.000017,99.915651,0.011791,0.064396,1000
6380,63.799999,0.026305,0.026283,0.000003,0.000018,99.916615,0.010876,0.068884,1000
6390,63.899999,0.026280,0.026258,0.000003,0.000018,99.916535,0.010887,0.068949,1000
6400,63.999999,0.026351,0.026329,0.000003,0.000018,99.916760,0.010857,0.068763,1000
6410,64.099999,0.026905,0.026883,0.000003,0.000018,99.917588,0.011520,0.066461,1000
6420,64.199999,0.026411,0.026389,0.000003,0.000017,99.916047,0.011735,0.064093,1000
6430,64.299999,0.026595,0.026573,0.000002,0.000018,99.918420,0.007172,0.067236,1000
6440,64.399999,0.026317,0.026295,0.000003,0.000017,99.915747,0.011777,0.064322,1000
6450,64.499999,0.026314,0.026292,0.000003,0.000017,99.916643,0.010873,0.065236,1000
6460,64.599999,0.026354,0.026331,0.000003,0.000017,99.913150,0.011761,0.064232,1000
6470,64.699999,0.026283,0.026262,0.000003,0.000017,99.920173,0.011793,0.064406,1000
6480,64.799999,0.026368,0.026346,0.000003,0.000018,99.915910,0.010850,0.068719,1000
6490,64.899999,0.027490,0.027465,0.000003,0.000019,99.909801,0.010408,0.069384,1000
6500,64.999999,0.026276,0.026255,0.000003,0.000017,99.920152,0.010888,0.065330,1000
6510,65.099999,0.026385,0.026362,0.000003,0.000018,99.912350,0.011747,0.067771,1000
6520,65.199999,0.026369,0.026347,0.000003,0.000017,99.915913,0.011754,0.064195,1000
6530,65.299999,0.026276,0.026254,0.000003,0.000017,99.916522,0.011796,0.064423,1000
6540,65.399999,0.026386,0.026364,0.000003,0.000018,99.916871,0.010843,0.068672,1000
6550,65.499999,0.026394,0.026372,0.000003,0.000018,99.916896,0.011743,0.067748,1000
6560,65.599999,0.026352,0.026331,0.000002,0.000018,99.920383,0.007238,0.068760,1000
6570,65.699999,0.026410,0.026388,0.000003,0.000018,99.916946,0.011736,0.067707,1000
6580,65.799999,0.026374,0.026352,0.000003,0.000018,99.916833,0.010848,0.068703,1000
6590,65.899999,0.026494,0.026472,0.000003,0.000018,99.917210,0.010799,0.068392,1000
6600,65.999999,0.026501,0.026479,0.000003,0.000018,99.917231,0.011696,0.067475,1000
6610,66.099999,0.026398,0.026376,0.000002,0.000018,99.916908,0.007225,0.067738,1000
6620,66.199999,0.026529,0.026506,0.000003,0.000017,99.913724,0.010784,0.063808,1000
6630,66.299999,0.026316,0.026293,0.000003,0.000018,99.913025,0.010872,0.068855,1000
6640,66.399999,0.026416,0.026394,0.000002,0.000018,99.916063,0.008123,0.067691,1000
6650,66.499999,0.026542,0.026520,0.000003,0.000017,99.915563,0.011677,0.063777,1000
6660,66.599999,0.026400,0.026378,0.000003,0.000018,99.916012,0.011740,0.067732,1000
6670,66.699999,0.026430,0.026408,0.000003,0.000018,99.917009,0.011727,0.067656,1000
6680,66.799999,0.026487,0.026465,0.000003,0.000018,99.917187,0.011702,0.067510,1000
6690,66.899999,0.026553,0.026531,0.000003,0.000018,99.917393,0.011673,0.067342,1000
6700,66.999999,0.026517,0.026495,0.000003,0.000017,99.916383,0.011688,0.063837,1000
6710,67.099999,0.026517,0.026496,0.000002,0.000018,99.920878,0.008092,0.067434,1000
6720,67.199998,0.026548,0.026526,0.000002,0.000018,99.916480,0.007184,0.068253,1000
6730,67.299998,0.026595,0.026573,0.000003,0.000018,99.917524,0.011654,0.067236,1000
6740,67.399998,0.027303,0.027281,0.000003,0.000018,99.917917,0.011352,0.066365,1000
6750,67.499998,0.026477,0.026455,0.000003,0.000017,99.916256,0.011706,0.063933,1000
6760,67.599998,0.026433,0.026411,0.000003,0.000017,99.916116,0.011726,0.064040,1000
6770,67.699998,0.026320,0.026298,0.000003,0.000018,99.916662,0.011776,0.067938,1000
6780,67.799998,0.026382,0.026360,0.000003,0.000018,99.915051,0.011748,0.068682,1000
6790,67.899998,0.026389,0.026367,0.000002,0.000017,99.915977,0.007228,0.065050,1000
6800,67.999998,0.026275,0.026253,0.000003,0.000017,99.916519,0.011796,0.064425,1000
6810,68.099998,0.026318,0.026296,0.000003,0.000018,99.916656,0.010871,0.068849,1000
6820,68.199998,0.026280,0.026258,0.000003,0.000017,99.916535,0.011794,0.064413,1000
6830,68.299998,0.026317,0.026295,0.000003,0.000018,99.916652,0.011777,0.067946,1000
6840,68.399998,0.026352,0.026331,0.000002,0.000018,99.920382,0.008143,0.067856,1000
6850,68.499998,0.026279,0.026254,0.000003,0.000021,99.904738,0.011794,0.079839,1000
6860,68.599998,0.026404,0.026383,0.000002,0.000018,99.920540,0.007224,0.068625,1000
6870,68.699998,0.026668,0.026645,0.000003,0.000017,99.913280,0.011622,0.063476,1000
6880,68.799998,0.026321,0.026300,0.000002,0.000018,99.920288,0.007247,0.068842,1000
6890,68.899998,0.026511,0.026487,0.000003,0.000017,99.910068,0.011691,0.063852,1000
6900,68.999998,0.026391,0.026368,0.000003,0.000018,99.912369,0.011744,0.067756,1000
6910,69.099998,0.026286,0.026264,0.000003,0.000018,99.916554,0.011791,0.068027,1000
6920,69.199998,0.026363,0.026341,0.000003,0.000018,99.915894,0.011757,0.068732,1000
6930,69.299998,0.026453,0.026431,0.000003,0.000017,99.917081,0.010815,0.064893,1000
6940,69.399998,0.026329,0.026307,0.000003,0.000018,99.916690,0.011772,0.067916,1000
6950,69.499998,0.026317,0.026295,0.000003,0.000018,99.916652,0.011777,0.067946,1000
6960,69.599998,0.026360,0.026338,0.000002,0.000017,99.916788,0.008140,0.064218,1000
6970,69.699998,0.026301,0.026280,0.000003,0.000017,99.920228,0.011785,0.064362,1000
6980,69.799998,0.026305,0.026283,0.000003,0.000018,99.916615,0.011783,0.067977,1000
6990,69.899998,0.026315,0.026293,0.000003,0.000018,99.916646,0.010872,0.068857,1000
7000,69.999998,0.026322,0.026300,0.000003,0.000018,99.916669,0.010869,0.068839,1000
7010,70.099998,0.026329,0.026307,0.000003,0.000018,99.916691,0.010866,0.068821,1000
7020,70.199998,0.026317,0.026295,0.000003,0.000018,99.916652,0.011777,0.067946,1000
7030,70.299998,0.026416,0.026394,0.000003,0.000018,99.916063,0.011733,0.067691,1000
7040,70.399998,0.026311,0.026288,0.000003,0.000017,99.911197,0.011780,0.064337,1000
7050,70.499998,0.026277,0.026256,0.000003,0.000017,99.920155,0.011795,0.064421,1000
7060,70.599998,0.026318,0.026296,0.000003,0.000018,99.916656,0.010871,0.068849,1000
7070,70.699998,0.026365,0.026343,0.000003,0.000017,99.915900,0.011756,0.064205,1000
7080,70.799998,0.026286,0.026265,0.000002,0.000018,99.920182,0.007256,0.068934,1000
7090,70.899998,0.026338,0.026316,0.000003,0.000017,99.916719,0.010863,0.065176,1000
7100,70.999998,0.026638,0.026616,0.000003,0.000018,99.917656,0.011636,0.067128,1000
7110,71.099998,0.026366,0.026344,0.000003,0.000018,99.916808,0.010851,0.068724,1000
7120,71.199998,0.026476,0.026454,0.000003,0.000018,99.916253,0.010806,0.068438,1000
7130,71.299998,0.026373,0.026351,0.000003,0.000017,99.916829,0.011752,0.064186,1000
7140,71.399998,0.026317,0.026295,0.000003,0.000017,99.916652,0.011777,0.064323,1000
7150,71.499998,0.026329,0.026308,0.000002,0.000018,99.920313,0.008150,0.067915,1000
7160,71.599998,0.026411,0.026389,0.000002,0.000018,99.916950,0.007222,0.068607,1000
7170,71.699998,0.026275,0.026254,0.000002,0.000017,99.920149,0.008167,0.064425,1000
7180,71.799998,0.026402,0.026380,0.000003,0.000018,99.916018,0.011739,0.067727,1000
7190,71.899998,0.026308,0.026286,0.000003,0.000018,99.916624,0.010875,0.068876,1000
7200,71.999998,0.026441,0.026415,0.000003,0.000022,99.901715,0.011722,0.082956,1000
7210,72.099998,0.026573,0.026551,0.000003,0.000018,99.917455,0.011664,0.067292,1000
7220,72.199998,0.026280,0.026259,0.000002,0.000018,99.920164,0.008165,0.068042,1000
7230,72.299998,0.026601,0.026562,0.000005,0.000033,99.853906,0.018822,0.123687,1000
7240,72.399998,0.026456,0.026434,0.000003,0.000018,99.917090,0.011716,0.067589,1000
7250,72.499998,0.026397,0.026375,0.000003,0.000018,99.916905,0.011742,0.067740,1000
7260,72.599998,0.026498,0.026476,0.000003,0.000018,99.917222,0.011697,0.067482,1000
7270,72.699998,0.026585,0.026563,0.000003,0.000018,99.917493,0.010762,0.068158,1000
7280,72.799998,0.026517,0.026495,0.000003,0.000018,99.917281,0.011689,0.067434,1000
7290,72.899998,0.026546,0.026525,0.000002,0.000018,99.920066,0.008083,0.067360,1000
7300,72.999998,0.026601,0.026579,0.000003,0.000018,99.917543,0.010755,0.068117,1000
7310,73.099998,0.026621,0.026599,0.000003,0.000018,99.917605,0.010747,0.068066,1000
7320,73.199998,0.026539,0.026517,0.000003,0.000018,99.917349,0.011679,0.067378,1000
7330,73.299998,0.026551,0.026529,0.000003,0.000018,99.917387,0.010776,0.068245,1000
7340,73.399998,0.026652,0.026628,0.000003,0.000020,99.908755,0.011629,0.075143,1000
7350,73.499998,0.026975,0.026953,0.000003,0.000018,99.918686,0.011490,0.066289,1000
7360,73.599998,0.026356,0.026334,0.000002,0.000018,99.915871,0.008141,0.067846,1000
7370,73.699998,0.026323,0.026300,0.000003,0.000017,99.913048,0.011775,0.064308,1000
7380,73.799998,0.026314,0.026292,0.000003,0.000018,99.916643,0.010873,0.068860,1000
7390,73.899998,0.026323,0.026301,0.000003,0.000018,99.916672,0.010869,0.068836,1000
7400,73.999998,0.026368,0.026346,0.000003,0.000017,99.916814,0.011755,0.064198,1000
7410,74.099998,0.026318,0.026296,0.000003,0.000017,99.916656,0.010871,0.065226,1000
7420,74.199998,0.026578,0.026556,0.000003,0.000018,99.917471,0.010765,0.068176,1000
7430,74.299998,0.026324,0.026302,0.000003,0.000018,99.915769,0.011774,0.067928,1000
7440,74.399998,0.026403,0.026382,0.000002,0.000018,99.920536,0.007224,0.068628,1000
7450,74.499998,0.026356,0.026334,0.000003,0.000017,99.916776,0.011760,0.064227,1000
7460,74.599998,0.026471,0.026449,0.000002,0.000018,99.917137,0.008106,0.067551,1000
7470,74.699998,0.026371,0.026348,0.000003,0.000017,99.912303,0.011753,0.064191,1000
7480,74.799998,0.026276,0.026253,0.000003,0.000018,99.912893,0.011796,0.068053,1000
7490,74.899998,0.026320,0.026297,0.000003,0.000018,99.913039,0.011776,0.067938,1000
7500,74.999998,0.026359,0.026337,0.000003,0.000018,99.915881,0.011759,0.067838,1000
7510,75.099998,0.026318,0.026296,0.000003,0.000018,99.915750,0.011777,0.067943,1000
7520,75.199998,0.026438,0.026416,0.000003,0.000018,99.916132,0.011723,0.068537,1000
7530,75.299998,0.026346,0.026324,0.000003,0.000018,99.915839,0.011764,0.067871,1000
7540,75.399998,0.026310,0.026288,0.000003,0.000018,99.916630,0.011780,0.067964,1000
7550,75.499998,0.026360,0.026339,0.000002,0.000018,99.920407,0.007236,0.068740,1000
7560,75.599998,0.026350,0.026328,0.000002,0.000018,99.915852,0.008143,0.067861,1000
7570,75.699998,0.026609,0.026587,0.000003,0.000018,99.916672,0.010752,0.068096,1000
7580,75.799998,0.026307,0.026285,0.000003,0.000017,99.916621,0.011782,0.064347,1000
7590,75.899998,0.026276,0.026255,0.000002,0.000018,99.920152,0.007259,0.068959,1000
7600,75.999998,0.026275,0.026254,0.000002,0.000018,99.921056,0.007259,0.068055,1000
7610,76.099998,0.026330,0.026308,0.000003,0.000017,99.916694,0.011772,0.064291,1000
7620,76.199998,0.026313,0.026290,0.000003,0.000018,99.912110,0.011779,0.067956,1000
7630,76.299998,0.026321,0.026299,0.000003,0.000018,99.915760,0.010870,0.068841,1000
7640,76.399998,0.026372,0.026350,0.000002,0.000018,99.916826,0.007232,0.068709,1000
7650,76.499998,0.026285,0.026262,0.000003,0.000018,99.912923,0.011792,0.068029,1000
7660,76.599998,0.026317,0.026295,0.000003,0.000017,99.916653,0.010871,0.064322,1000
7670,76.699998,0.026423,0.026401,0.000003,0.000018,99.916987,0.011730,0.067674,1000
7680,76.799998,0.026283,0.026261,0.000002,0.000018,99.915638,0.008164,0.068034,1000
7690,76.899998,0.026303,0.026281,0.000003,0.000017,99.916609,0.011784,0.064356,1000
7700,76.999998,0.026363,0.026341,0.000003,0.000018,99.916798,0.011757,0.067828,1000
7710,77.099998,0.026324,0.026302,0.000003,0.000018,99.916675,0.010868,0.068834,1000
7720,77.199998,0.026288,0.026267,0.000002,0.000018,99.920189,0.007256,0.068928,1000
7730,77.299998,0.026384,0.026361,0.000003,0.000018,99.913249,0.011747,0.067774,1000
7740,77.399998,0.026366,0.026344,0.000003,0.000018,99.915903,0.011755,0.068724,1000
7750,77.499998,0.026361,0.026339,0.000003,0.000018,99.916792,0.010853,0.068737,1000
7760,77.599998,0.026548,0.026526,0.000003,0.000018,99.917378,0.010777,0.068253,1000
7770,77.699998,0.026402,0.026380,0.000003,0.000018,99.916921,0.010836,0.068630,1000
7780,77.799998,0.026319,0.026297,0.000003,0.000017,99.916659,0.010871,0.065223,1000
7790,77.899998,0.026446,0.026425,0.000002,0.000018,99.920666,0.007212,0.068516,1000
7800,77.999998,0.026280,0.026258,0.000003,0.000018,99.916535,0.011794,0.068042,1000
7810,78.099998,0.026575,0.026554,0.000002,0.000018,99.921051,0.007177,0.068183,1000
7820,78.199998,0.026547,0.026525,0.000003,0.000018,99.917375,0.011675,0.067358,1000
7830,78.299998,0.026381,0.026358,0.000003,0.000018,99.913240,0.010845,0.068685,1000
7840,78.399998,0.026641,0.026619,0.000002,0.000018,99.917666,0.008054,0.067120,1000
7850,78.499998,0.026462,0.026439,0.000003,0.000018,99.912605,0.011713,0.067574,1000
7860,78.599998,0.026482,0.026460,0.000003,0.000018,99.917172,0.011704,0.067523,1000
7870,78.699998,0.026535,0.026514,0.000002,0.000018,99.920033,0.008087,0.067388,1000
7880,78.799998,0.026544,0.026521,0.000003,0.000018,99.913772,0.011677,0.067365,1000
7890,78.899998,0.026489,0.026467,0.000003,0.000017,99.916294,0.011701,0.063905,1000
7900,78.999998,0.026612,0.026590,0.000003,0.000018,99.917577,0.010751,0.068089,1000
7910,79.099998,0.026586,0.026563,0.000003,0.000017,99.913909,0.010761,0.064568,1000
7920,79.199998,0.026461,0.026439,0.000003,0.000017,99.917106,0.011713,0.063973,1000
7930,79.299998,0.026700,0.026678,0.000003,0.000018,99.917848,0.010715,0.067864,1000
7940,79.399998,0.026443,0.026421,0.000003,0.000018,99.917050,0.011721,0.067622,1000
7950,79.499998,0.026467,0.026445,0.000002,0.000018,99.916225,0.007206,0.068462,1000
7960,79.599998,0.026533,0.026508,0.000003,0.000020,99.906548,0.010783,0.075481,1000
7970,79.699998,0.026280,0.026258,0.000003,0.000017,99.916535,0.011794,0.064413,1000
7980,79.799998,0.026488,0.026466,0.000003,0.000018,99.916291,0.011701,0.068407,1000
7990,79.899998,0.026339,0.026317,0.000003,0.000017,99.917627,0.010862,0.064269,1000
8000,79.999998,0.026418,0.026396,0.000003,0.000018,99.916971,0.010830,0.068589,1000
8010,80.099998,0.026515,0.026493,0.000003,0.000018,99.916376,0.011689,0.068338,1000
8020,80.199998,0.026276,0.026253,0.000003,0.000017,99.912894,0.010888,0.064422,1000
8030,80.299998,0.026319,0.026297,0.000002,0.000018,99.916659,0.007247,0.068847,1000
8040,80.399998,0.026280,0.026258,0.000003,0.000018,99.916535,0.011794,0.068042,1000
8050,80.499998,0.026275,0.026253,0.000003,0.000018,99.916519,0.011796,0.068055,1000
8060,80.599998,0.026419,0.026397,0.000002,0.000018,99.916073,0.007220,0.068586,1000
8070,80.699998,0.026338,0.026316,0.000003,0.000017,99.915814,0.011768,0.064271,1000
8080,80.799998,0.026419,0.026396,0.000003,0.000019,99.913364,0.010829,0.072196,1000
8090,80.899998,0.026416,0.026393,0.000003,0.000019,99.912453,0.011733,0.072204,1000
8100,80.999998,0.026276,0.026254,0.000003,0.000018,99.916523,0.010888,0.068959,1000
8110,81.099998,0.026313,0.026291,0.000002,0.000018,99.916640,0.007249,0.068862,1000
8120,81.199998,0.026419,0.026396,0.000003,0.000018,99.911560,0.011732,0.067683,1000
8130,81.299998,0.026279,0.026258,0.000003,0.000017,99.920161,0.010887,0.064415,1000
8140,81.399998,0.026300,0.026278,0.000003,0.000017,99.916599,0.011785,0.064364,1000
8150,81.499998,0.026305,0.026283,0.000003,0.000018,99.916615,0.010876,0.068884,1000
8160,81.599998,0.026611,0.026589,0.000003,0.000018,99.917573,0.011647,0.067196,1000
8170,81.699998,0.026278,0.026256,0.000003,0.000018,99.916529,0.010888,0.068954,1000
8180,81.799998,0.026607,0.026585,0.000003,0.000018,99.917561,0.010753,0.068102,1000
8190,81.899998,0.026320,0.026298,0.000002,0.000018,99.916662,0.007247,0.068844,1000
8200,81.999998,0.026356,0.026334,0.000003,0.000017,99.916776,0.011760,0.064227,1000
8210,82.099998,0.026320,0.026298,0.000003,0.000018,99.915756,0.011776,0.067938,1000
8220,82.199998,0.026365,0.026343,0.000003,0.000017,99.915900,0.011756,0.064205,1000
8230,82.299998,0.026349,0.026327,0.000003,0.000018,99.916754,0.010858,0.068768,1000
8240,82.399998,0.026279,0.026258,0.000002,0.000018,99.920161,0.007258,0.068952,1000
8250,82.499998,0.026371,0.026349,0.000003,0.000018,99.916823,0.010849,0.068711,1000
8260,82.599998,0.026383,0.026362,0.000002,0.000018,99.920476,0.007229,0.068679,1000
8270,82.699998,0.026284,0.026261,0.000003,0.000017,99.912920,0.010885,0.065310,1000
8280,82.799998,0.026278,0.026256,0.000003,0.000017,99.916529,0.010888,0.065325,1000
8290,82.899998,0.026329,0.026307,0.000003,0.000018,99.916691,0.011772,0.067915,1000
8300,82.999998,0.026277,0.026255,0.000003,0.000018,99.915619,0.011795,0.068049,1000
8310,83.099998,0.026375,0.026353,0.000003,0.000018,99.916835,0.011752,0.067797,1000
8320,83.199998,0.026279,0.026258,0.000002,0.000018,99.920161,0.007258,0.068952,1000
8330,83.299998,0.026328,0.026306,0.000003,0.000018,99.916687,0.011772,0.067918,1000
8340,83.399998,0.026467,0.026445,0.000003,0.000018,99.916225,0.010810,0.068462,1000
8350,83.499998,0.026465,0.026443,0.000002,0.000017,99.917119,0.007207,0.064864,1000
8360,83.599998,0.026338,0.026315,0.000003,0.000017,99.913099,0.010863,0.064271,1000
8370,83.699998,0.026444,0.026422,0.000003,0.000017,99.917053,0.011721,0.064014,1000
8380,83.799998,0.026532,0.026510,0.000003,0.000018,99.917328,0.010783,0.068294,1000
8390,83.899998,0.026442,0.026420,0.000003,0.000017,99.916145,0.011722,0.064018,1000
8400,83.999998,0.026458,0.026434,0.000003,0.000019,99.908987,0.011715,0.071188,1000
8410,84.099998,0.026355,0.026334,0.000003,0.000017,99.920392,0.011760,0.064230,1000
8420,84.199998,0.026582,0.026560,0.000003,0.000018,99.917484,0.010763,0.068166,1000
8430,84.299998,0.026434,0.026412,0.000002,0.000018,99.917021,0.007216,0.067646,1000
8440,84.399998,0.026396,0.026374,0.000003,0.000018,99.916902,0.010839,0.068646,1000
8450,84.499998,0.026516,0.026494,0.000003,0.000018,99.917278,0.010790,0.068335,1000
8460,84.599998,0.026426,0.026404,0.000003,0.000018,99.916997,0.010827,0.068568,1000
8470,84.699998,0.026790,0.026769,0.000002,0.000018,99.921684,0.008010,0.066747,1000
8480,84.799998,0.026622,0.026600,0.000003,0.000018,99.916712,0.011642,0.068063,1000
8490,84.899998,0.026484,0.026463,0.000002,0.000018,99.920779,0.008102,0.067518,1000
8500,84.999998,0.026541,0.026519,0.000003,0.000018,99.916458,0.011678,0.068271,1000
8510,85.099998,0.026661,0.026638,0.000003,0.000019,99.913257,0.011625,0.071540,1000
8520,85.199998,0.026525,0.026503,0.000003,0.000017,99.916407,0.011685,0.063818,1000
8530,85.299998,0.026435,0.026412,0.000002,0.000018,99.913417,0.008117,0.067643,1000
8540,85.399998,0.026367,0.026345,0.000003,0.000018,99.916811,0.011755,0.067817,1000
8550,85.499998,0.026398,0.026366,0.000003,0.000028,99.878975,0.011741,0.105671,1000
8560,85.599998,0.026348,0.026327,0.000002,0.000018,99.920371,0.007239,0.068771,1000
8570,85.699998,0.026279,0.026258,0.000002,0.000017,99.920161,0.008165,0.064415,1000
8580,85.799998,0.026440,0.026418,0.000003,0.000017,99.917040,0.011723,0.064023,1000
8590,85.899998,0.026440,0.026418,0.000003,0.000018,99.916139,0.010821,0.068531,1000
8600,85.999998,0.026427,0.026404,0.000003,0.000017,99.913391,0.010826,0.064957,1000
8610,86.099998,0.026280,0.026257,0.000002,0.000018,99.912906,0.008165,0.068042,1000
8620,86.199998,0.026413,0.026391,0.000003,0.000017,99.916956,0.010832,0.064089,1000
8630,86.299998,0.026514,0.026492,0.000003,0.000017,99.917272,0.010791,0.064744,1000
8640,86.399998,0.026281,0.026259,0.000003,0.000018,99.915632,0.011793,0.068946,1000
8650,86.499998,0.026313,0.026291,0.000003,0.000018,99.916640,0.010873,0.068862,1000
8660,86.599998,0.026281,0.026260,0.000002,0.000018,99.920168,0.007257,0.068946,1000
8670,86.699998,0.026445,0.026423,0.000003,0.000017,99.917057,0.010819,0.064011,1000
8680,86.799998,0.027297,0.027275,0.000003,0.000018,99.918772,0.011355,0.065507,1000
8690,86.899998,0.026462,0.026440,0.000003,0.000017,99.917109,0.011713,0.063970,1000
8700,86.999998,0.026446,0.026424,0.000002,0.000017,99.917059,0.008114,0.064009,1000
8710,87.099998,0.026600,0.026555,0.000003,0.000040,99.830598,0.011652,0.150579,1000
8720,87.199998,0.026320,0.026298,0.000003,0.000018,99.916662,0.010870,0.068844,1000
8730,87.299998,0.026362,0.026341,0.000002,0.000018,99.920412,0.008140,0.067830,1000
8740,87.399998,0.026322,0.026300,0.000003,0.000018,99.916668,0.011775,0.067934,1000
8750,87.499998,0.026349,0.026327,0.000003,0.000018,99.915849,0.011763,0.068768,1000
8760,87.599998,0.026324,0.026302,0.000003,0.000018,99.916675,0.010868,0.068834,1000
8770,87.699998,0.026346,0.026323,0.000003,0.000017,99.912220,0.011764,0.064252,1000
8780,87.799998,0.026287,0.026265,0.000003,0.000018,99.916557,0.011791,0.068024,1000
8790,87.899998,0.026441,0.026419,0.000003,0.000018,99.917043,0.011722,0.067628,1000
8800,87.999998,0.026327,0.026305,0.000003,0.000018,99.916685,0.010867,0.068826,1000
8810,88.099998,0.026400,0.026377,0.000003,0.000017,99.912400,0.010837,0.065023,1000
8820,88.199998,0.026353,0.026331,0.000003,0.000018,99.916766,0.011761,0.067854,1000
8830,88.299998,0.026302,0.026280,0.000003,0.000017,99.916605,0.010878,0.064359,1000
8840,88.399998,0.026277,0.026255,0.000003,0.000017,99.916526,0.010888,0.065327,1000
8850,88.499998,0.026427,0.026405,0.000003,0.000018,99.916098,0.011728,0.068565,1000
8860,88.599998,0.026483,0.026461,0.000003,0.000018,99.916275,0.011703,0.067520,1000
8870,88.699998,0.026401,0.026379,0.000003,0.000018,99.916918,0.010837,0.068633,1000
8880,88.799998,0.026399,0.026377,0.000002,0.000018,99.916911,0.007225,0.068639,1000
8890,88.899998,0.026408,0.026387,0.000002,0.000018,99.920551,0.007223,0.068615,1000
8900,88.999998,0.026828,0.026795,0.000003,0.000029,99.876472,0.010664,0.108420,1000
8910,89.099998,0.026281,0.026259,0.000003,0.000017,99.916538,0.011794,0.064411,1000
8920,89.199998,0.026385,0.026363,0.000003,0.000017,99.915964,0.011747,0.064156,1000
8930,89.299998,0.026284,0.026262,0.000002,0.000018,99.916548,0.007257,0.068939,1000
8940,89.399998,0.026472,0.026451,0.000002,0.000018,99.920743,0.008106,0.067549,1000
8950,89.499998,0.026531,0.026510,0.000002,0.000018,99.920919,0.008088,0.067398,1000
8960,89.599998,0.026488,0.026465,0.000003,0.000018,99.912690,0.011701,0.067507,1000
8970,89.699998,0.026284,0.026262,0.000003,0.000018,99.916548,0.011792,0.068032,1000
8980,89.799998,0.026391,0.026369,0.000003,0.000017,99.915983,0.011744,0.064142,1000
8990,89.899998,0.026463,0.026441,0.000003,0.000017,99.917113,0.010811,0.064868,1000
9000,89.999998,0.026524,0.026502,0.000003,0.000018,99.917303,0.011685,0.067416,1000
9010,90.099998,0.026421,0.026399,0.000003,0.000018,99.916079,0.011731,0.067679,1000
9020,90.199998,0.026454,0.026432,0.000003,0.000018,99.917084,0.010815,0.068496,1000
9030,90.299998,0.026589,0.026566,0.000002,0.000018,99.913022,0.007173,0.068147,1000
9040,90.399998,0.026519,0.026497,0.000003,0.000018,99.917288,0.011688,0.067428,1000
9050,90.499998,0.026532,0.026510,0.000003,0.000017,99.916430,0.011682,0.063801,1000
9060,90.599998,0.026567,0.026544,0.000003,0.000018,99.912950,0.011667,0.067307,1000
9070,90.699998,0.026647,0.026624,0.000003,0.000017,99.913212,0.010737,0.064420,1000
9080,90.799998,0.026738,0.026716,0.000003,0.000018,99.917965,0.011592,0.066877,1000
9090,90.899998,0.026577,0.026555,0.000003,0.000017,99.917468,0.011662,0.063693,1000
9100,90.999998,0.026436,0.026414,0.000003,0.000017,99.916126,0.011724,0.064033,1000
9110,91.099998,0.026483,0.026462,0.000002,0.000018,99.920776,0.007202,0.068420,1000
9120,91.199998,0.026634,0.026612,0.000003,0.000017,99.917645,0.011637,0.063557,1000
9130,91.299998,0.026652,0.026629,0.000003,0.000018,99.914122,0.010735,0.067986,1000
9140,91.399998,0.027817,0.027794,0.000003,0.000018,99.917719,0.010285,0.065139,1000
9150,91.499998,0.026612,0.026590,0.000003,0.000018,99.917577,0.010751,0.068089,1000
9160,91.599998,0.026509,0.026487,0.000003,0.000018,99.917257,0.010793,0.068353,1000
9170,91.699998,0.026402,0.026380,0.000003,0.000017,99.916921,0.010836,0.065018,1000
9180,91.799998,0.026368,0.026344,0.000002,0.000018,99.909580,0.008138,0.067815,1000
9190,91.899998,0.026277,0.026255,0.000003,0.000017,99.916526,0.010888,0.065327,1000
9200,91.999998,0.026327,0.026304,0.000003,0.000018,99.913062,0.011773,0.067921,1000
9210,92.099998,0.026347,0.026325,0.000003,0.000017,99.916747,0.011764,0.064249,1000
9220,92.199998,0.026339,0.026317,0.000003,0.000017,99.915817,0.011767,0.064269,1000
9230,92.299998,0.026575,0.026553,0.000003,0.000018,99.917461,0.011663,0.067287,1000
9240,92.399998,0.026690,0.026669,0.000002,0.000018,99.921391,0.007146,0.067890,1000
9250,92.499998,0.026353,0.026331,0.000003,0.000018,99.916766,0.011761,0.067854,1000
9260,92.599998,0.026350,0.026328,0.000003,0.000017,99.916757,0.010858,0.065147,1000
9270,92.699998,0.026277,0.026256,0.000003,0.000017,99.920155,0.011795,0.064421,1000
9280,92.799998,0.026357,0.026320,0.000003,0.000033,99.859791,0.010855,0.125736,1000
9290,92.899998,0.026386,0.026363,0.000003,0.000018,99.912353,0.011747,0.067768,1000
9300,92.999998,0.026313,0.026292,0.000002,0.000017,99.920264,0.008155,0.064333,1000
9310,93.099998,0.026280,0.026258,0.000002,0.000018,99.915629,0.007258,0.068949,1000
9320,93.199998,0.026282,0.026261,0.000002,0.000018,99.920171,0.007257,0.068944,1000
9330,93.299998,0.026459,0.026437,0.000003,0.000017,99.916199,0.011714,0.063977,1000
9340,93.399998,0.026319,0.026298,0.000002,0.000018,99.919377,0.008153,0.067941,1000
9350,93.499998,0.026412,0.026389,0.000003,0.000018,99.913342,0.010832,0.068604,1000
9360,93.599998,0.026320,0.026297,0.000003,0.000018,99.913039,0.010870,0.068844,1000
9370,93.699998,0.026430,0.026407,0.000003,0.000018,99.913400,0.010825,0.068558,1000
9380,93.799998,0.026333,0.026311,0.000003,0.000018,99.915798,0.011770,0.068810,1000
9390,93.899998,0.026365,0.026344,0.000002,0.000018,99.920422,0.007234,0.068727,1000
9400,93.999998,0.026508,0.026485,0.000003,0.000018,99.913656,0.010793,0.068356,1000
9410,94.099998,0.026276,0.026254,0.000003,0.000017,99.916523,0.010888,0.065330,1000
9420,94.199998,0.026278,0.026257,0.000002,0.000017,99.920158,0.007258,0.065325,1000
9430,94.299998,0.026569,0.026547,0.000003,0.000018,99.917444,0.010768,0.068199,1000
9440,94.399998,0.026280,0.026258,0.000003,0.000018,99.916535,0.010887,0.068949,1000
9450,94.499998,0.026486,0.026463,0.000003,0.000018,99.913584,0.010802,0.068413,1000
9460,94.599998,0.026340,0.026318,0.000003,0.000017,99.916726,0.010862,0.065171,1000
9470,94.699998,0.026318,0.026296,0.000003,0.000017,99.916656,0.010871,0.065226,1000
9480,94.799998,0.026358,0.026336,0.000003,0.000018,99.916782,0.011759,0.067841,1000
9490,94.899998,0.026288,0.026267,0.000002,0.000018,99.921095,0.007256,0.068022,1000
9500,94.999998,0.026413,0.026391,0.000003,0.000017,99.916956,0.010832,0.064991,1000
9510,95.099998,0.026287,0.026265,0.000003,0.000018,99.915651,0.011791,0.068930,1000
9520,95.199998,0.026279,0.026257,0.000003,0.000018,99.916532,0.010887,0.068952,1000
9530,95.299998,0.026274,0.026252,0.000003,0.000018,99.916516,0.011797,0.068057,1000
9540,95.399998,0.026354,0.026332,0.000003,0.000018,99.916770,0.010856,0.068755,1000
9550,95.499998,0.026276,0.026255,0.000002,0.000018,99.920152,0.008166,0.068053,1000
9560,95.599998,0.026542,0.026520,0.000002,0.000018,99.917359,0.008084,0.067370,1000
9570,95.699998,0.026340,0.026318,0.000003,0.000017,99.915820,0.011767,0.064266,1000
9580,95.799998,0.026274,0.026253,0.000003,0.000017,99.920146,0.010889,0.064428,1000
9590,95.899998,0.026385,0.026363,0.000003,0.000018,99.916868,0.010843,0.068674,1000
9600,95.999998,0.026522,0.026501,0.000002,0.000018,99.921791,0.007192,0.067421,1000
9610,96.099998,0.026391,0.026369,0.000003,0.000018,99.916886,0.011744,0.067756,1000
9620,96.199998,0.026482,0.026460,0.000003,0.000018,99.916272,0.011704,0.067523,1000
9630,96.299998,0.026440,0.026418,0.000003,0.000017,99.917041,0.010821,0.064023,1000
9640,96.399998,0.026479,0.026457,0.000003,0.000017,99.917163,0.010805,0.063929,1000
9650,96.499998,0.026444,0.026422,0.000003,0.000018,99.917053,0.010819,0.068522,1000
9660,96.599998,0.026558,0.026537,0.000003,0.000017,99.920103,0.010773,0.064636,1000
9670,96.699998,0.026611,0.026589,0.000003,0.000018,99.917573,0.011647,0.067196,1000
9680,96.799998,0.026629,0.026607,0.000003,0.000018,99.917629,0.011639,0.067150,1000
9690,96.899998,0.027153,0.027129,0.000003,0.000018,99.911316,0.011415,0.066732,1000
9700,96.999998,0.026429,0.026406,0.000003,0.000017,99.912495,0.011727,0.064050,1000
9710,97.099998,0.026372,0.026350,0.000002,0.000018,99.915922,0.008137,0.067805,1000
9720,97.199998,0.026349,0.026327,0.000003,0.000017,99.915849,0.011763,0.064244,1000
9730,97.299998,0.026367,0.026345,0.000003,0.000018,99.916811,0.010851,0.068722,1000
9740,97.399998,0.026403,0.026381,0.000003,0.000018,99.916924,0.010836,0.068628,1000
9750,97.499998,0.026448,0.026426,0.000003,0.000017,99.917066,0.010818,0.064905,1000
9760,97.599998,0.026439,0.026418,0.000002,0.000018,99.920644,0.008116,0.067633,1000
9770,97.699998,0.026421,0.026399,0.000003,0.000018,99.916981,0.010829,0.068581,1000
9780,97.799998,0.026274,0.026253,0.000002,0.000017,99.920146,0.007259,0.065335,1000
9790,97.899998,0.026382,0.026360,0.000003,0.000018,99.915051,0.011748,0.068682,1000
9800,97.999998,0.026275,0.026253,0.000003,0.000017,99.916520,0.010889,0.064425,1000
9810,98.099998,0.026277,0.026254,0.000003,0.000017,99.912896,0.011795,0.064421,1000
9820,98.199998,0.026302,0.026280,0.000003,0.000018,99.916605,0.010878,0.068891,1000
9830,98.299998,0.026278,0.026257,0.000002,0.000017,99.919251,0.008166,0.064418,1000
9840,98.399998,0.026406,0.026384,0.000003,0.000018,99.916934,0.011738,0.067717,1000
9850,98.499998,0.026276,0.026254,0.000003,0.000018,99.916522,0.011796,0.068053,1000
9860,98.599998,0.026323,0.026301,0.000003,0.000018,99.916672,0.010869,0.068836,1000
9870,98.699998,0.026353,0.026331,0.000003,0.000017,99.915862,0.011761,0.064234,1000
9880,98.799998,0.026279,0.026257,0.000003,0.000018,99.916532,0.010887,0.068952,1000
9890,98.899998,0.026306,0.026284,0.000003,0.000017,99.916618,0.011782,0.064349,1000
9900,98.999998,0.026351,0.026328,0.000002,0.000017,99.913141,0.007238,0.064239,1000
9910,99.099998,0.026401,0.026379,0.000003,0.000018,99.916918,0.011740,0.067730,1000
9920,99.199998,0.026318,0.026296,0.000002,0.000018,99.916656,0.007247,0.068849,1000
9930,99.299998,0.026347,0.026326,0.000002,0.000018,99.920367,0.008144,0.067869,1000
9940,99.399998,0.026371,0.026350,0.000002,0.000018,99.920440,0.007233,0.068711,1000
9950,99.499998,0.026392,0.026370,0.000002,0.000018,99.916889,0.007227,0.068657,1000
9960,99.599998,0.026280,0.026259,0.000003,0.000017,99.920164,0.011794,0.064413,1000
9970,99.699998,0.026307,0.026285,0.000003,0.000018,99.916621,0.011782,0.067972,1000
9980,99.799998,0.026358,0.026335,0.000003,0.000018,99.913164,0.011759,0.067841,1000
9990,99.899998,0.026331,0.026309,0.000003,0.000018,99.915792,0.011771,0.068815,1000
10000,99.999998,0.026281,0.026258,0.000003,0.000018,99.912909,0.011794,0.068040,1000
SUMMARY,,264.353186,264.131612,0.027940,0.178321,99.916182,0.010569,0.067456,1000
