TimeStep,InitialEnergy,FinalEnergy,RelativeError
0.001,-3192440000000000.0,1.70143e+18,533.9559835110448
0.002,-3297380000000000.0,7.1018e+18,2154.770569361129
0.003,-2814690000000000.0,1.17137e+19,4162.630588093182
0.004,-3598220000000000.0,2.93134e+19,8147.639171590398
0.005,-3657100000000000.0,5.50361e+19,15050.109950507232
0.006,-3776180000000000.0,8.26918e+19,21899.267561398025
0.007,-3756450000000000.0,1.22367e+20,32576.170706385015
0.008,-3329750000000000.0,1.15257e+20,34615.310383662436
0.009000000000000001,-3708960000000000.0,1.61008e+20,43411.551744963544
0.010000000000000002,-3928020000000000.0,2.4521e+20,62426.853228853215
0.011,-3420590000000000.0,2.2976e+20,67170.69879465239
0.012,-3520720000000000.0,2.83343e+20,80479.70890045218
0.013000000000000001,-2882590000000000.0,2.35276e+20,81620.65454677911
0.014000000000000002,-3649800000000000.0,4.04111e+20,110722.40939229548
0.015,-3420460000000000.0,4.01484e+20,117378.19488022079
0.016,-3429540000000000.0,4.39552e+20,128167.45964181784
0.017,-3386660000000000.0,5.0692e+20,149682.39701062403
0.018000000000000002,-3737850000000000.0,5.76229e+20,154161.54683842315
0.019000000000000003,-4157130000000000.0,9.29268e+20,223536.94908025488
0.02,-3315580000000000.0,7.04423e+20,212459.4537245369
0.021,-4077990000000000.0,9.90934e+20,242996.69150488352
0.022000000000000002,-3650860000000000.0,1.10454e+21,302543.4146639422
0.023,-4181370000000000.0,1.66058e+21,397138.7802012259
0.024,-3779820000000000.0,1.21179e+21,320595.6314903885
0.025,-2983890000000000.0,9.65266e+20,323493.4879938603
0.026000000000000002,-3358260000000000.0,1.31127e+21,390462.1316574655
0.027000000000000003,-3137990000000000.0,1.14957e+21,366340.5995525798
0.028,-3026560000000000.0,1.47228e+21,486454.2670754916
0.029,-3042940000000000.0,1.5059e+21,494884.23792122095
0.030000000000000002,-2884370000000000.0,1.35791e+21,470783.18120421446
0.031,-4371440000000000.0,2.4742e+21,565992.9843346815
0.032,-3194430000000000.0,1.85348e+21,580223.4497015117
0.033,-3656100000000000.0,2.05955e+21,563319.8370121168
0.034,-3401500000000000.0,2.232e+21,656182.0965750404
0.035,-3054000000000000.0,1.75585e+21,574935.5121152586
0.036000000000000004,-3142490000000000.0,2.01064e+21,639824.8339660588
0.037000000000000005,-3981990000000000.0,3.15011e+21,791090.3799331489
0.038,-3776240000000000.0,2.75235e+21,728860.9241573628
0.039,-2891500000000000.0,2.13717e+21,739122.5632024901
0.04,-2857670000000000.0,2.90887e+21,1017917.6943698889
0.041,-3900900000000000.0,3.66638e+21,939881.5403881157
0.042,-4075220000000000.0,4.15836e+21,1020402.3525650149
0.043000000000000003,-3288440000000000.0,3.34525e+21,1017276.6687061343
0.044000000000000004,-3681060000000000.0,3.92881e+21,1067304.9830918268
0.045,-3645230000000000.0,4.03465e+21,1106831.021699591
0.046,-3181790000000000.0,3.69298e+21,1160662.1372843587
0.047,-4277420000000000.0,5.45109e+21,1274388.364345797
0.048,-3758600000000000.0,5.33772e+21,1420136.1567072847
0.049,-4006050000000000.0,5.92803e+21,1479770.3488598494
0.05,-3537040000000000.0,6.24784e+21,1766404.5464682332
0.051000000000000004,-3647910000000000.0,5.21864e+21,1430584.5396158348
0.052000000000000005,-3181870000000000.0,4.2013e+21,1320388.0679820357
0.053000000000000005,-4021800000000000.0,6.74996e+21,1678344.0304838629
0.054,-3585130000000000.0,6.26649e+21,1747912.512274311
0.055,-3160910000000000.0,5.97854e+21,1891399.363129605
0.056,-4137050000000000.0,8.06892e+21,1950405.2735765825
0.057,-3503700000000000.0,7.39967e+21,2111959.786425778
0.058,-4171850000000000.0,8.74521e+21,2096243.674113403
0.059000000000000004,-3043080000000000.0,8.48636e+21,2788741.355166476
0.060000000000000005,-3381160000000000.0,6.07251e+21,1795985.2184339103
0.061,-4106320000000000.0,1.20085e+22,2924395.591751252
0.062,-2798920000000000.0,5.40792e+21,1932146.256027325
0.063,-3687000000000000.0,7.79121e+21,2113158.0382424737
0.064,-3757430000000000.0,9.748e+21,2594327.4412111463
0.065,-3928620000000000.0,9.19296e+21,2339998.250943079
0.066,-3328160000000000.0,7.27848e+21,2186939.1279746164
0.067,-2892580000000000.0,6.73654e+21,2328904.608543238
0.068,-3541040000000000.0,9.20469e+21,2599432.2405395024
0.069,-3628400000000000.0,9.06353e+21,2497942.2413184876
0.07,-3489030000000000.0,9.46893e+21,2713915.755677079
0.07100000000000001,-3600040000000000.0,9.66777e+21,2685462.828201909
0.07200000000000001,-3871010000000000.0,1.1443e+22,2956077.062836314
0.07300000000000001,-3192120000000000.0,9.14703e+21,2865504.1765723093
0.074,-2966910000000000.0,7.96538e+21,2684740.3416045653
0.075,-3656080000000000.0,1.16237e+22,3179280.4468392376
0.076,-3663580000000000.0,1.22269e+22,3337419.5905589615
0.077,-4283070000000000.0,1.48736e+22,3472650.291279386
0.078,-3740370000000000.0,1.26845e+22,3391243.042899499
0.079,-3640100000000000.0,1.19767e+22,3290212.8073679297
0.08,-3592710000000000.0,1.30753e+22,3639398.557832388
0.081,-3971480000000000.0,1.60729e+22,4047081.68528609
0.082,-3411880000000000.0,1.21197e+22,3552206.8220101525
0.083,-3450460000000000.0,1.38257e+22,4006916.020026315
0.084,-3742720000000000.0,1.54546e+22,4129243.903556772
0.085,-3287410000000000.0,1.23295e+22,3750521.9268086427
0.08600000000000001,-3538690000000000.0,3.36131e+22,9498742.059544634
0.08700000000000001,-3031840000000000.0,1.09953e+22,3626610.5836191885
0.08800000000000001,-3147300000000000.0,1.2277e+22,3900804.8636291428
0.089,-3127030000000000.0,1.33476e+22,4268460.2088979
0.09,-3872610000000000.0,1.94592e+22,5024829.216629095
0.091,-3385610000000000.0,1.62391e+22,4796507.390281219
0.092,-3365480000000000.0,1.54705e+22,4596819.284464623
0.093,-3662060000000000.0,1.57175e+22,4291984.200712168
0.094,-3033820000000000.0,1.38436e+22,4563093.075337363
0.095,-4160680000000000.0,2.32067e+22,5577622.927184979
0.096,-3158250000000000.0,1.50989e+22,4780781.495527587
0.097,-2660430000000000.0,1.31467e+22,4941570.595892393
0.098,-3656350000000000.0,2.00548e+22,5484924.489272089
0.099,-2958900000000000.0,1.90917e+22,6452297.461522864
0.1,-3813030000000000.0,2.08252e+22,5461589.290676968
0.101,-3056040000000000.0,1.53348e+22,5017867.258295048
0.10200000000000001,-3045390000000000.0,1.61709e+22,5309961.300651148
0.10300000000000001,-3574320000000000.0,2.22509e+22,6225213.068309497
0.10400000000000001,-3193660000000000.0,1.92612e+22,6031075.065492257
0.10500000000000001,-3375350000000000.0,2.13012e+22,6310813.212066896
0.106,-4121400000000000.0,3.27351e+22,7942714.640995779
0.107,-3725210000000000.0,2.60845e+22,7002156.583175177
0.108,-3005960000000000.0,1.57051e+22,5224654.688006493
0.109,-4028670000000000.0,3.53567e+22,8776272.077055207
0.11,-3606650000000000.0,2.53061e+22,7016512.166872305
0.111,-3878110000000000.0,2.7717e+22,7147039.119083781
0.112,-3515700000000000.0,2.42395e+22,6894645.025371904
0.113,-3443800000000000.0,2.60712e+22,7570475.475869679
0.114,-3565740000000000.0,2.97169e+22,8334007.405402525
0.115,-3106730000000000.0,2.03916e+22,6563686.933441271
0.116,-3126870000000000.0,2.25657e+22,7216706.523414788
0.117,-3409800000000000.0,2.73256e+22,8013843.454102879
0.11800000000000001,-2957200000000000.0,1.96414e+22,6641891.977952117
0.11900000000000001,-3605830000000000.0,2.81991e+22,7820419.59987853
0.12000000000000001,-3257490000000000.0,3.44844e+22,10586188.524750652
0.121,-3362140000000000.0,3.01075e+22,8954863.081888322
0.122,-4538240000000000.0,4.31388e+22,9505624.325341983
0.123,-3372130000000000.0,3.23501e+22,9593373.734740356
0.124,-3320210000000000.0,3.69441e+22,11127038.145240813
0.125,-3300440000000000.0,2.68728e+22,8142188.1023257505
0.126,-3784770000000000.0,3.81682e+22,10084682.499800516
0.127,-3439060000000000.0,2.81093e+22,8173542.60729967
0.128,-2947450000000000.0,2.6993e+22,9158086.802982239
0.129,-3689400000000000.0,3.7735e+22,10227951.344229415
0.13,-3354830000000000.0,3.13671e+22,9349833.92745087
0.131,-4131650000000000.0,4.32047e+22,10457009.701124249
0.132,-4061290000000000.0,4.34854e+22,10707288.585964067
0.133,-3337600000000000.0,3.24286e+22,9716144.336529244
0.134,-3742620000000000.0,3.7106e+22,9914445.961016614
0.135,-3182280000000000.0,3.45581e+22,10859541.958055232
0.136,-3319760000000000.0,3.01517e+22,9082494.915222786
0.137,-3434680000000000.0,3.68682e+22,10734101.411100889
0.138,-3390770000000000.0,3.59047e+22,10588952.772016386
0.139,-3936050000000000.0,4.33827e+22,11021888.425210554
0.14,-4064780000000000.0,5.0622e+22,12453811.538331717
0.14100000000000001,-3421250000000000.0,3.57988e+22,10463661.942637926
0.14200000000000002,-4064280000000000.0,5.15173e+22,12675628.663448384
0.14300000000000002,-4315590000000000.0,4.98069e+22,11541157.597359806
0.14400000000000002,-3931730000000000.0,5.32618e+22,13546658.578216206
0.14500000000000002,-3858130000000000.0,5.06737e+22,13134265.527115468
0.146,-3158180000000000.0,3.3453e+22,10592494.14478592
0.147,-3638020000000000.0,4.31469e+22,11859996.272153536
0.148,-3927140000000000.0,5.34377e+22,13607282.634981181
0.149,-3441610000000000.0,4.18513e+22,12160385.23877197
0.15,-4138620000000000.0,5.2579e+22,12704477.371350836
0.151,-3250810000000000.0,4.13703e+22,12726152.328438146
0.152,-3310590000000000.0,4.29879e+22,12984967.42592408
0.153,-3092070000000000.0,3.74359e+22,12107068.43379031
0.154,-3570450000000000.0,5.24271e+22,14683612.309498804
0.155,-3450870000000000.0,4.32334e+22,12528261.98925778
0.156,-3566690000000000.0,5.16727e+22,14487579.118647821
0.157,-3746160000000000.0,4.99666e+22,13338085.865569009
0.158,-3610080000000000.0,5.45072e+22,15098613.773124142
0.159,-3374620000000000.0,4.49554e+22,13321619.43407554
0.16,-4284140000000000.0,7.44291e+22,17373172.745087698
0.161,-3299380000000000.0,4.16048e+22,12609885.281289212
0.162,-3387690000000000.0,4.47792e+22,13218211.639108066
0.163,-2790310000000000.0,3.21739e+22,11530583.623436105
0.164,-3099650000000000.0,4.23259e+22,13655058.829109738
0.165,-3014220000000000.0,3.78773e+22,12566203.86508616
0.166,-3506070000000000.0,5.60454e+22,15985249.440561654
0.167,-3438130000000000.0,4.71556e+22,13715480.054020645
0.168,-3235550000000000.0,4.63479e+22,14324582.601273354
0.169,-3485250000000000.0,5.1587e+22,14801521.694354778
0.17,-4086810000000000.0,8.38202e+22,20509934.175263833
0.171,-3357690000000000.0,5.50218e+22,16386802.640413499
0.17200000000000001,-3932890000000000.0,7.32489e+22,18624701.919679932
0.17300000000000001,-3070320000000000.0,4.36158e+22,14205621.261080278
0.17400000000000002,-3248300000000000.0,7.21107e+22,22199520.748791672
0.17500000000000002,-4028550000000000.0,6.88946e+22,17101588.41979124
0.17600000000000002,-3612200000000000.0,6.49221e+22,17973009.139084216
0.177,-3801050000000000.0,6.9975e+22,18409387.87994107
0.178,-3655050000000000.0,6.286e+22,17198124.144690223
0.179,-3171450000000000.0,4.8637e+22,15335888.370130382
0.18,-3315580000000000.0,7.33667e+22,22127863.9983291
0.181,-3311670000000000.0,5.95405e+22,17978996.491700564
0.182,-3106550000000000.0,5.11327e+22,16459642.72474288
0.183,-3497530000000000.0,5.79335e+22,16564119.10620638
0.184,-3987660000000000.0,9.33379e+22,23406685.622059055
0.185,-3483840000000000.0,6.37972e+22,18312323.03545513
0.186,-2641390000000000.0,4.06412e+22,15386293.82309693
0.187,-3342250000000000.0,7.17989e+22,21482206.10135388
0.188,-3534350000000000.0,7.23498e+22,20470469.402959526
0.189,-3938430000000000.0,8.63792e+22,21932395.380501874
0.19,-3429300000000000.0,7.00231e+22,20419066.11532966
0.191,-3508520000000000.0,6.87195e+22,19586464.808101423
0.192,-3524760000000000.0,7.26568e+22,20613262.61213813
0.193,-3480740000000000.0,8.13851e+22,23381552.049489476
0.194,-3658120000000000.0,1.15425e+23,31553093.845505342
0.195,-3667420000000000.0,6.98653e+22,19050259.765017368
0.196,-3561760000000000.0,7.01594e+22,19697959.31274426
0.197,-3916030000000000.0,8.42073e+22,21503232.589134913
0.198,-3799390000000000.0,1.24829e+23,32855011.935966033
0.199,-3920230000000000.0,1.61892e+23,41296557.57958844
0.2,-3007190000000000.0,5.89304e+22,19596501.38740485
0.201,-3683900000000000.0,8.10595e+22,22003719.88487744
0.202,-3024060000000000.0,6.92829e+22,22910558.330211703
0.203,-4332780000000000.0,1.31263e+23,30295331.019063976
0.20400000000000001,-3228450000000000.0,8.53718e+22,26443588.480060086
0.20500000000000002,-3250710000000000.0,6.81878e+22,20976280.028273825
0.20600000000000002,-3353350000000000.0,8.17099e+22,24366649.277096037
0.20700000000000002,-3636250000000000.0,9.64321e+22,26519657.239257477
0.20800000000000002,-3598250000000000.0,7.90539e+22,21970097.574723825
0.20900000000000002,-3691320000000000.0,1.10986e+23,30066752.189276464
0.21,-4041840000000000.0,1.00674e+23,24907963.710052848
0.211,-4423420000000000.0,1.24293e+23,28098847.59381203
0.212,-3251970000000000.0,8.40702e+22,25852084.50630541
0.213,-3973380000000000.0,1.05665e+23,26593228.931886703
0.214,-3622340000000000.0,9.20232e+22,25404352.883036934
0.215,-3352610000000000.0,9.17206e+22,27357969.866047643
0.216,-3831680000000000.0,1.01182e+23,26406694.669617504
0.217,-4090840000000000.0,1.60629e+23,39265530.817836925
0.218,-3547340000000000.0,1.1602e+23,32706197.755879052
0.219,-3026940000000000.0,7.61423e+22,25154876.881253015
0.22,-3584510000000000.0,9.66476e+22,26962570.50043381
0.221,-3825030000000000.0,1.04518e+23,27324754.00847313
0.222,-2786600000000000.0,6.52926e+22,23430920.399985645
0.223,-3609100000000000.0,9.48192e+22,26272257.241168156
0.224,-3628860000000000.0,1.00329e+23,27647526.669218432
0.225,-3455620000000000.0,9.49975e+22,27490726.253355406
0.226,-3207550000000000.0,8.24839e+22,25715547.133341648
0.227,-3101170000000000.0,7.80754e+22,25176111.951673076
0.228,-3528870000000000.0,1.19823e+23,33955063.10203266
0.229,-3856540000000000.0,1.23239e+23,31955847.43229423
0.23,-3627790000000000.0,1.13057e+23,31164153.28003826
0.231,-4062530000000000.0,1.20558e+23,29675597.241750833
0.232,-3314460000000000.0,9.64078e+22,29087031.768209603
0.233,-3133700000000000.0,8.78687e+22,28039921.860324852
0.234,-3729180000000000.0,1.1832e+23,31728155.714977555
0.23500000000000001,-3550270000000000.0,1.21734e+23,34288660.735738404
0.23600000000000002,-3259660000000000.0,9.39331e+22,28816840.793107253
0.23700000000000002,-3612340000000000.0,1.08806e+23,30120643.021515142
0.23800000000000002,-3538790000000000.0,1.1209e+23,31674669.460123375
0.23900000000000002,-3290950000000000.0,9.32787e+22,28344005.010999862
0.24000000000000002,-3025670000000000.0,9.90979e+22,32752383.117018715
0.241,-3604010000000000.0,1.06128e+23,29447200.092122387
0.242,-3069060000000000.0,8.30274e+22,27053040.041269965
0.243,-3494880000000000.0,1.13694e+23,32531590.067435794
0.244,-3290030000000000.0,1.15959e+23,35245576.26831062
0.245,-3474530000000000.0,1.20083e+23,34560934.42121092
0.246,-3865480000000000.0,1.3794e+23,35685090.56196902
0.247,-2994620000000000.0,9.96156e+22,33264855.97325203
0.248,-4111010000000000.0,1.79542e+23,43673453.50923739
0.249,-3518880000000000.0,1.16085e+23,32989190.742190696
0.25,-3660410000000000.0,1.28448e+23,35091151.991282396
0.251,-3224850000000000.0,1.05113e+23,32594695.32686792
0.252,-3198990000000000.0,1.25953e+23,39372740.52091129
0.253,-3815340000000000.0,1.51927e+23,39820043.25049406
0.254,-3439450000000000.0,1.92821e+23,56061580.613019526
0.255,-3249760000000000.0,1.05204e+23,32372853.149081774
0.256,-3790960000000000.0,1.25571e+23,33123800.776309956
0.257,-3754390000000000.0,1.42144e+23,37860745.35527476
0.258,-3085970000000000.0,9.41054e+22,30494594.272131618
0.259,-4375330000000000.0,1.84294e+23,42121166.71778586
0.26,-3481130000000000.0,1.26759e+23,36413177.18129745
0.261,-3572320000000000.0,1.4072e+23,39391768.81475344
0.262,-3392220000000000.0,1.36459e+23,40227049.95319289
0.263,-2902590000000000.0,9.80094e+22,33766189.12853348
0.264,-2808040000000000.0,9.10989e+22,32442167.066010457
0.265,-3610490000000000.0,1.32177e+23,36609159.3136915
0.266,-3471600000000000.0,1.28927e+23,37137632.063486576
0.267,-3465790000000000.0,1.30557e+23,37670200.29078219
0.268,-3870780000000000.0,1.54551e+23,39927612.489157215
0.269,-3511850000000000.0,1.44056e+23,41019976.22673235
0.27,-3696570000000000.0,1.38846e+23,37560766.790990025
0.271,-4140130000000000.0,1.64127e+23,39642959.07136491
0.272,-2785560000000000.0,9.81282e+22,35227459.75156162
0.273,-3847930000000000.0,1.47976e+23,38456002.01872955
0.274,-3446690000000000.0,1.43098e+23,41517514.90464475
0.275,-3075370000000000.0,1.25847e+23,40920930.8393364
0.276,-3564330000000000.0,1.42127e+23,39874816.18265705
0.277,-4048180000000000.0,1.98055e+23,48924455.94024475
0.278,-3030480000000000.0,1.17524e+23,38780656.20973575
0.279,-3576100000000000.0,1.80491e+23,50471464.32596964
0.28,-3633890000000000.0,1.45953e+23,40164397.830944255
0.281,-3414350000000000.0,1.46187e+23,42815471.001610845
0.28200000000000003,-4131570000000000.0,1.68409e+23,40761503.28605591
0.28300000000000003,-3911410000000000.0,1.70018e+23,43467190.58125076
0.28400000000000003,-3635590000000000.0,1.68373e+23,46312428.969050415
0.28500000000000003,-3376350000000000.0,1.59107e+23,47123966.228723325
0.28600000000000003,-2985240000000000.0,1.19802e+23,40131447.71785183
0.28700000000000003,-4178740000000000.0,2.37174e+23,56757301.047382705
0.28800000000000003,-3411290000000000.0,1.52383e+23,44670199.0775601
0.28900000000000003,-4170980000000000.0,2.07613e+23,49775593.30684396
0.29,-3533480000000000.0,2.10282e+23,59511304.30439114
0.291,-3383930000000000.0,1.48264e+23,43814146.091653794
0.292,-3628340000000000.0,1.73629e+23,47853564.88872045
0.293,-3840170000000000.0,2.18907e+23,57004508.612944216
0.294,-3564770000000000.0,1.6336e+23,45826239.43894557
0.295,-4386380000000000.0,2.66858e+23,60837867.304332964
0.296,-3621050000000000.0,1.76039e+23,48615457.842628516
0.297,-3504960000000000.0,1.68136e+23,47970876.55920752
0.298,-3975140000000000.0,2.2214e+23,55882309.547623485
0.299,-3441900000000000.0,1.56445e+23,45453093.768529005
0.3,-3285760000000000.0,1.48287e+23,45130199.18854695
0.301,-3284200000000000.0,1.7346e+23,52816516.43754948
0.302,-3398210000000000.0,1.56266e+23,45984798.878883295
0.303,-4385630000000000.0,2.32075e+23,52917141.75286789
0.304,-3508050000000000.0,1.81511e+23,51741281.76851812
0.305,-3840880000000000.0,1.90126e+23,49500636.27108371
0.306,-4147640000000000.0,2.2573e+23,54423721.47718702
0.307,-3823010000000000.0,2.34033e+23,61216947.85601137
0.308,-3251430000000000.0,1.52646e+23,46947344.16900564
0.309,-3478950000000000.0,1.87083e+23,53775709.187815286
0.31,-3616400000000000.0,1.97823e+23,54701637.98705896
0.311,-3470390000000000.0,2.44371e+23,70416006.11758044
0.312,-3936290000000000.0,2.39331e+23,60801161.48360258
0.313,-3222380000000000.0,1.57358e+23,48832851.25353932
0.314,-3168950000000000.0,1.70013e+23,53649632.58143865
0.315,-3901890000000000.0,2.60904e+23,66866058.21842492
0.316,-3854990000000000.0,2.31693e+23,60102102.432169735
0.317,-3456990000000000.0,2.03645e+23,58908184.13041113
0.318,-3703720000000000.0,2.48588e+23,67118465.6787554
0.319,-4003990000000000.0,2.23488e+23,55816324.21759046
0.32,-3376190000000000.0,1.86756e+23,55315608.237744324
0.321,-3610680000000000.0,2.20624e+23,61103172.70172931
0.322,-2875060000000000.0,1.43608e+23,49949567.269921325
0.323,-3174720000000000.0,1.61248e+23,50791251.881967545
0.324,-3435280000000000.0,2.31197e+23,67300774.15386227
0.325,-3942010000000000.0,2.25798e+23,57279916.57606399
0.326,-4024410000000000.0,2.51369e+23,62461082.25166173
0.327,-3447940000000000.0,1.9187e+23,55647721.087936565
0.328,-3002800000000000.0,2.31825e+23,77202944.91900893
0.329,-3172330000000000.0,2.02521e+23,63839828.50848744
0.33,-3244410000000000.0,1.91132e+23,58911174.37204607
0.331,-3202000000000000.0,1.92916e+23,60248595.62835728
0.332,-3256830000000000.0,1.74693e+23,53638968.9535008
0.333,-3768870000000000.0,2.71908e+23,72145763.52298434
0.334,-3467860000000000.0,2.2563e+23,65063181.17451685
0.335,-3219420000000000.0,1.83773e+23,57082643.21505738
0.336,-3737970000000000.0,2.5228e+23,67491179.36686757
0.337,-3296870000000000.0,1.91543e+23,58098439.82227689
0.338,-3501420000000000.0,2.32349e+23,66358506.97757482
0.339,-2760240000000000.0,1.72745e+23,62583327.08758658
0.34,-3626830000000000.0,2.23861e+23,61723599.84527259
0.341,-3493670000000000.0,2.06619e+23,59140961.65169293
0.342,-3330090000000000.0,2.05171e+23,61611248.744054966
0.343,-3896720000000000.0,2.76603e+23,70983546.13539593
0.34400000000000003,-3763490000000000.0,2.40721e+23,63962174.408192925
0.34500000000000003,-3310630000000000.0,1.9909e+23,60136591.31664669
0.34600000000000003,-4090800000000000.0,3.10974e+23,76017894.8105016
0.34700000000000003,-3803900000000000.0,2.6311e+23,69168485.97594574
0.34800000000000003,-2998950000000000.0,2.04267e+23,68112840.49382284
0.34900000000000003,-3860700000000000.0,2.74563e+23,71117414.94047712
0.35000000000000003,-3716740000000000.0,2.53393e+23,68176144.6097225
0.35100000000000003,-3372350000000000.0,2.27516e+23,67465121.7614868
0.35200000000000004,-3353190000000000.0,3.16587e+23,94413678.72181118
0.353,-3668050000000000.0,2.48537e+23,67757256.21734983
0.354,-3557880000000000.0,2.39396e+23,67286137.68814012
0.355,-3110530000000000.0,1.96732e+23,63247100.36891784
0.356,-3340430000000000.0,2.55697e+23,76546134.2822421
0.357,-3657090000000000.0,3.70858e+23,101407951.03677788
0.358,-4076740000000000.0,3.47596e+23,85263226.02784088
0.359,-4335510000000000.0,3.71693e+23,85732244.72680491
0.36,-3450190000000000.0,2.60405e+23,75475554.52024092
0.361,-3490510000000000.0,2.24519e+23,64322693.09943532
0.362,-3178060000000000.0,2.23034e+23,70179292.76919253
0.363,-4183640000000000.0,3.42309e+23,81820855.56683654
0.364,-3913140000000000.0,3.13366e+23,80080447.90453191
0.365,-3085640000000000.0,2.1622e+23,70072984.23848537
0.366,-3449890000000000.0,2.81106e+23,81482598.99587813
0.367,-3337870000000000.0,2.38886e+23,71568396.41384175
0.368,-3427940000000000.0,2.3575e+23,68773083.37600425
0.369,-3189740000000000.0,2.39108e+23,74961596.61594363
0.37,-3652660000000000.0,3.32784e+23,91107303.6232937
0.371,-3536120000000000.0,2.76888e+23,78302773.530344
0.372,-3700140000000000.0,2.64048e+23,71361625.15476172
0.373,-3055190000000000.0,2.18421e+23,71491790.3813478
0.374,-4105680000000000.0,3.27434e+23,79751467.26137447
0.375,-3894430000000000.0,3.68767e+23,94690880.02465829
0.376,-3252180000000000.0,2.55062e+23,78428009.28982405
0.377,-3760200000000000.0,2.93766e+23,78125100.72873783
0.378,-3321620000000000.0,2.51341e+23,75668199.04794046
0.379,-3350910000000000.0,2.46529e+23,73570762.3752682
0.38,-3034300000000000.0,1.9701e+23,64927661.41591142
0.381,-3360550000000000.0,2.61432e+23,77794409.65334544
0.382,-3619370000000000.0,3.82414e+23,105657615.44671312
0.383,-3530210000000000.0,2.82772e+23,80100618.24373338
0.384,-3303020000000000.0,2.81478e+23,85218376.91053036
0.385,-3541490000000000.0,2.76726e+23,78138298.7221452
0.386,-3586320000000000.0,2.70357e+23,75385633.06852707
0.387,-2944090000000000.0,2.19317e+23,74493987.2572136
0.388,-2789720000000000.0,2.32524e+23,83350301.38856946
0.389,-3121760000000000.0,2.57954e+23,82630952.77079597
0.39,-3349400000000000.0,2.84976e+23,85082702.37935153
0.391,-3205620000000000.0,2.3101e+23,72064063.4902515
0.392,-4061150000000000.0,3.82267e+23,94127772.69028477
0.393,-3555960000000000.0,3.15347e+23,88681257.25710076
0.394,-3550990000000000.0,3.47912e+23,97976058.38118102
0.395,-3926050000000000.0,3.44932e+23,87857262.114861
0.396,-3221930000000000.0,5.16127e+23,160191873.57327127
0.397,-3732770000000000.0,3.07676e+23,82425652.72780535
0.398,-3113730000000000.0,2.42409e+23,77851645.169533
0.399,-2823430000000000.0,2.2621e+23,80118863.5182845
0.4,-2936450000000000.0,2.82021e+23,96041479.65620053
0.401,-3844960000000000.0,4.45698e+23,115917461.77982607
0.402,-3074340000000000.0,2.62638e+23,85429068.7023361
0.403,-3760590000000000.0,8.99083e+23,239080304.88848558
0.404,-3449210000000000.0,2.87041e+23,83219346.87920132
0.405,-3367330000000000.0,2.78131e+23,82596895.27528635
0.406,-3540540000000000.0,3.12781e+23,88342739.67828071
0.40700000000000003,-3098630000000000.0,3.00843e+23,97089037.1224154
0.40800000000000003,-4273000000000000.0,4.12062e+23,96433888.19868945
0.40900000000000003,-3344050000000000.0,3.68837e+23,110296497.76290725
0.41000000000000003,-3586360000000000.0,3.30155e+23,92058522.73234142
0.41100000000000003,-3441050000000000.0,8.66225e+23,251732756.9901774
0.41200000000000003,-3750790000000000.0,3.25311e+23,86731329.60010824
0.41300000000000003,-3751370000000000.0,3.90692e+23,104146486.15075827
0.41400000000000003,-3211580000000000.0,3.08056e+23,95920389.09557913
0.41500000000000004,-3276450000000000.0,3.52219e+23,107500191.75523816
0.41600000000000004,-3904330000000000.0,4.3146e+23,110508077.92997263
0.41700000000000004,-3736250000000000.0,3.88986e+23,104111342.58581465
0.418,-3083390000000000.0,2.74576e+23,89050040.08036284
0.419,-3654060000000000.0,3.75768e+23,102835750.82348402
0.42,-3722270000000000.0,3.53095e+23,94860126.67599878
0.421,-2608940000000000.0,2.32554e+23,89137351.80147493
0.422,-4852000000000000.0,5.5045e+23,113448063.65457542
0.423,-2792270000000000.0,2.71585e+23,97263159.64869802
0.424,-3089900000000000.0,3.44448e+23,111475453.28000908
0.425,-3741190000000000.0,3.68785e+23,98574251.43903142
0.426,-3670200000000000.0,3.67309e+23,100078743.30287178
0.427,-3782700000000000.0,5.08799e+23,134506834.74309355
0.428,-3723540000000000.0,4.71973e+23,126753842.77422561
0.429,-3073280000000000.0,2.96788e+23,96570440.40024988
0.43,-3498590000000000.0,3.54151e+23,101226780.93134378
0.431,-3850730000000000.0,4.14913e+23,107749181.02560553
0.432,-3182650000000000.0,3.48728e+23,109571584.42890358
0.433,-4432290000000000.0,4.78358e+23,107925700.8075487
0.434,-3442830000000000.0,3.50318e+23,101752919.38400386
0.435,-3384270000000000.0,3.44e+23,101646737.22376466
0.436,-3271170000000000.0,3.2078e+23,98062773.64709568
0.437,-3943670000000000.0,4.46436e+23,113203184.83637576
0.438,-3169570000000000.0,2.92422e+23,92259203.35236956
0.439,-3913160000000000.0,4.06026e+23,103759111.28427152
0.44,-3522080000000000.0,3.72045e+23,105632184.25534911
0.441,-3992170000000000.0,4.34302e+23,108788454.39752567
0.442,-3996210000000000.0,4.88803e+23,122316646.02115755
0.443,-3371470000000000.0,3.43801e+23,101973620.8156887
0.444,-3455950000000000.0,3.61916e+23,104722580.89843602
0.445,-3874630000000000.0,4.54137e+23,117207837.61923848
0.446,-3369300000000000.0,3.35024e+23,99434304.86133617
0.447,-3533720000000000.0,4.04176e+23,114376918.24301867
0.448,-3844760000000000.0,4.74751e+23,123480010.1553179
0.449,-4462840000000000.0,5.18846e+23,116259154.36422546
0.45,-4034990000000000.0,4.62431e+23,114605241.65734984
0.451,-2993630000000000.0,3.09412e+23,103356795.25981167
0.452,-3409160000000000.0,4.05539e+23,118955696.83123116
0.453,-3369690000000000.0,3.55957e+23,105634940.71255516
0.454,-3353870000000000.0,3.58189e+23,106798714.12841582
0.455,-3330250000000000.0,4.76735e+23,143152917.44771412
0.456,-3537900000000000.0,4.14959e+23,117289636.09426497
0.457,-4008310000000000.0,5.74745e+23,143388361.68068588
0.458,-3632330000000000.0,4.82603e+23,132863204.50849178
0.459,-3787250000000000.0,4.53813e+23,119826524.20285167
0.46,-3267680000000000.0,3.24247e+23,99228505.62713607
0.461,-3574210000000000.0,3.8102e+23,106602578.91232188
0.462,-3318450000000000.0,3.60278e+23,108568157.8202022
0.463,-3760070000000000.0,5.28162e+23,140466002.96272942
0.464,-3032320000000000.0,3.37281e+23,111228697.1798227
0.465,-3172080000000000.0,3.78479e+23,119315718.13197649
0.466,-3727400000000000.0,4.42822e+23,118801846.79063153
0.467,-3748330000000000.0,4.47816e+23,119470805.33152898
0.468,-3423480000000000.0,3.74789e+23,109476031.2382371
0.46900000000000003,-3122120000000000.0,3.26835e+23,104683677.4762405
0.47000000000000003,-3830710000000000.0,4.97049e+23,129753754.22068232
0.47100000000000003,-3227680000000000.0,3.7203e+23,115262356.62385367
0.47200000000000003,-3416040000000000.0,4.14055e+23,121209061.78383157
0.47300000000000003,-3663890000000000.0,4.47417e+23,122115293.76261023
0.47400000000000003,-3162660000000000.0,3.70309e+23,117087832.12949225
0.47500000000000003,-4284650000000000.0,6.33989e+23,147967512.9321298
0.47600000000000003,-3864920000000000.0,5.23814e+23,135530361.26618922
0.47700000000000004,-3074960000000000.0,3.83072e+23,124577881.68787886
0.47800000000000004,-3271350000000000.0,3.73253e+23,114097544.82747184
0.47900000000000004,-3606090000000000.0,4.6654e+23,129375585.08137345
0.48000000000000004,-3281470000000000.0,4.00085e+23,121922493.0538661
0.481,-4067020000000000.0,5.508e+23,135430857.0075928
0.482,-3727080000000000.0,5.46561e+23,146645900.73920605
0.483,-3087080000000000.0,4.26157e+23,138045338.34143594
0.484,-3182390000000000.0,3.77895e+23,118745660.70858379
0.485,-3625120000000000.0,4.3843e+23,120942204.29258065
0.486,-3277650000000000.0,3.99661e+23,121935228.98346376
0.487,-3556220000000000.0,4.58728e+23,128993145.4061391
0.488,-3090260000000000.0,4.00599e+23,129632782.70768802
0.489,-3324000000000000.0,4.44142e+23,133616727.8351384
0.49,-3358480000000000.0,4.77979e+23,142320038.63607347
0.491,-3544560000000000.0,5.02547e+23,141779798.774618
0.492,-4166410000000000.0,5.81152e+23,139485073.28045246
0.493,-3159520000000000.0,3.88575e+23,122985454.48660557
0.494,-3731400000000000.0,4.56405e+23,122314681.8168516
0.495,-4050690000000000.0,6.55809e+23,161900566.0889108
0.496,-3411070000000000.0,5.6194e+23,164740097.2161433
0.497,-3811590000000000.0,5.43774e+23,142663298.99375063
0.498,-3810620000000000.0,6.20091e+23,162727063.78768286
0.499,-3758810000000000.0,5.34228e+23,142126897.54438508
0.5,-3554260000000000.0,5.54149e+23,155911217.39947554
0.501,-3071100000000000.0,3.88039e+23,126351796.77350135
0.502,-3299370000000000.0,5.26259e+23,159502875.79124802
0.503,-2996240000000000.0,4.05649e+23,135386018.141484
0.504,-3582960000000000.0,4.93328e+23,137687276.32542926
0.505,-2897800000000000.0,4.02347e+23,138845677.0300918
0.506,-3960350000000000.0,7.36432e+23,185951242.6831846
0.507,-3770990000000000.0,5.43062e+23,144010459.7919883
0.508,-3050200000000000.0,4.04867e+23,132734575.78198151
0.509,-2918960000000000.0,3.72446e+23,127595445.95299694
0.51,-3367420000000000.0,4.8725e+23,144695346.39796045
0.511,-2921290000000000.0,3.9788e+23,136200104.37898666
0.512,-3341200000000000.0,4.73616e+23,141750270.36430025
0.513,-4067640000000000.0,6.66721e+23,163908557.3127514
0.514,-3583840000000000.0,6.28905e+23,175483560.53390777
0.515,-3403410000000000.0,4.87063e+23,143110293.32446283
0.516,-3314400000000000.0,4.78769e+23,144451183.71783733
0.517,-3695960000000000.0,6.02388e+23,162985531.14643016
0.518,-3474950000000000.0,5.23816e+23,150740587.19548482
0.519,-3910340000000000.0,6.69544e+23,171223986.6380775
0.52,-3942470000000000.0,6.54835e+23,166097650.4431156
0.521,-3104470000000000.0,4.78745e+23,154211508.9224473
0.522,-3802550000000000.0,6.21776e+23,163515536.6274079
0.523,-3958930000000000.0,6.02488e+23,152184555.91761664
0.524,-3952000000000000.0,6.82049e+23,172583249.98785427
0.525,-3436070000000000.0,4.50438e+23,131091043.96478245
0.526,-3511220000000000.0,6.16148e+23,175479748.77997392
0.527,-3067520000000000.0,4.3806e+23,142805915.87586063
0.528,-3790480000000000.0,6.39291e+23,168657004.8623077
0.529,-3341250000000000.0,6.14755e+23,183989525.87841377
0.53,-2954940000000000.0,4.48941e+23,151928974.17712036
0.531,-4027530000000000.0,6.84323e+23,169911336.23524344
0.532,-3557290000000000.0,6.01095e+23,168975541.36921364
0.533,-3680820000000000.0,5.70457e+23,154980956.33060566
0.534,-3614460000000000.0,5.44144e+23,150546417.33881685
0.535,-3933700000000000.0,6.76444e+23,171961258.84884462
0.536,-3663910000000000.0,6.6793e+23,182299784.56455263
0.537,-3516570000000000.0,5.80195e+23,164988896.42935303
0.538,-3234140000000000.0,5.07898e+23,157042676.9509483
0.539,-3062820000000000.0,4.33316e+23,141476156.96084654
0.54,-2930800000000000.0,4.08802e+23,139484783.31199673
0.541,-4107520000000000.0,7.05568e+23,171774697.16703025
0.542,-3372450000000000.0,6.31659e+23,187299738.57950452
0.543,-3494420000000000.0,5.76182e+23,164886305.45109633
0.544,-3291400000000000.0,5.29292e+23,160810598.3142128
0.545,-3485070000000000.0,5.22929e+23,150048350.10059196
0.546,-2820520000000000.0,4.75491e+23,168582744.60756174
0.547,-3636200000000000.0,6.44829e+23,177335956.1179803
0.548,-3545250000000000.0,6.11744e+23,172553135.47570693
0.549,-3650380000000000.0,6.28747e+23,172241521.06092516
0.55,-3389490000000000.0,5.17998e+23,152824762.24726728
0.551,-3590820000000000.0,5.87765e+23,163685454.46188337
0.552,-3638660000000000.0,8.28044e+23,227568391.5613605
0.553,-3677290000000000.0,6.28865e+23,171013165.58587712
0.554,-3644960000000000.0,6.55484e+23,179832975.8474606
0.555,-3480490000000000.0,6.54944e+23,188175803.83235982
0.556,-3525680000000000.0,6.56218e+23,186125230.74291486
0.557,-4122750000000000.0,7.59822e+23,184299800.89084956
0.558,-3432310000000000.0,6.89271e+23,200818400.27046216
0.559,-3571060000000000.0,5.97796e+23,167400156.69606784
0.56,-3487100000000000.0,5.85896e+23,168018124.94253102
0.561,-4222350000000000.0,7.88528e+23,186750980.9045555
0.562,-3358170000000000.0,5.75611e+23,171406153.7558164
0.5630000000000001,-3178310000000000.0,5.91007e+23,185950081.38863423
0.5640000000000001,-3287030000000000.0,5.20199e+23,158258063.74965546
0.5650000000000001,-3256610000000000.0,5.25258e+23,161289808.4992093
0.5660000000000001,-3588380000000000.0,7.22332e+23,201297522.44421718
0.5670000000000001,-3842190000000000.0,7.18035e+23,186881701.28030887
0.5680000000000001,-3310720000000000.0,6.65052e+23,200878359.78600425
0.5690000000000001,-3264920000000000.0,6.3148e+23,193413622.16070226
0.5700000000000001,-3577740000000000.0,6.03878e+23,168787559.62639543
0.5710000000000001,-3630470000000000.0,6.443e+23,177470135.7208488
0.5720000000000001,-2989260000000000.0,5.57079e+23,186360170.40647516
0.5730000000000001,-3131050000000000.0,5.20263e+23,166162470.45912713
0.5740000000000001,-3281620000000000.0,7.24524e+23,220782419.4396731
0.5750000000000001,-4235830000000000.0,8.13179e+23,191976307.88672587
0.5760000000000001,-3154850000000000.0,5.76114e+23,182612169.5658589
0.5770000000000001,-4011380000000000.0,8.87344e+23,221206668.0322931
0.578,-4245300000000000.0,8.2403e+23,194104069.02817234
0.579,-3845400000000000.0,6.65026e+23,172940657.3686483
0.58,-3673520000000000.0,6.4115e+23,174532874.10263723
0.581,-3235750000000000.0,5.78634e+23,178825311.97890753
0.582,-3254520000000000.0,5.89148e+23,181024545.326045
0.583,-4039820000000000.0,8.06145e+23,199549733.41382042
0.584,-3888120000000000.0,7.03478e+23,180930116.32565868
0.585,-3861440000000000.0,7.90532e+23,204724663.30214638
0.586,-3229320000000000.0,6.14757e+23,190367322.9129724
0.587,-3273650000000000.0,6.3297e+23,193352986.20000607
0.588,-3799890000000000.0,7.93367e+23,208786834.30306932
0.589,-2870420000000000.0,4.62158e+23,161007101.00627086
0.59,-2977710000000000.0,5.96292e+23,200251872.4045357
0.591,-3449300000000000.0,6.36436e+23,184511641.04290724
0.592,-3624330000000000.0,7.27835e+23,200819186.8909095
0.593,-3511500000000000.0,7.00623e+23,199522427.31354123
0.594,-3802560000000000.0,7.61096e+23,200153581.74560297
0.595,-3160360000000000.0,5.87167e+23,185791176.68884557
0.596,-3712460000000000.0,7.20595e+23,194101755.6316997
0.597,-3138980000000000.0,5.93788e+23,189165908.39667025
0.598,-3511550000000000.0,8.22622e+23,234261794.22521392
0.599,-3634720000000000.0,6.58391e+23,181139401.00880396
0.6,-3281430000000000.0,7.47308e+23,227738517.43947914
0.601,-4077300000000000.0,8.7579e+23,214796557.54477227
0.602,-3901740000000000.0,8.60414e+23,220520589.25037035
0.603,-3401600000000000.0,8.33671e+23,245082021.2257761
0.604,-3979190000000000.0,9.46214e+23,237790606.62576807
0.605,-3663190000000000.0,7.69196e+23,209979827.3262348
0.606,-3289000000000000.0,6.45618e+23,196296139.64396474
0.607,-3673700000000000.0,7.4419e+23,202572339.5143044
0.608,-3594430000000000.0,7.22161e+23,200911132.94581616
0.609,-3109860000000000.0,6.43438e+23,206902562.53010106
0.61,-3276140000000000.0,6.24546e+23,190634711.3603631
0.611,-3516720000000000.0,6.84943e+23,194767568.50608525
0.612,-2768420000000000.0,5.88141e+23,212446450.5994105
0.613,-3895640000000000.0,9.09753e+23,233531076.76675463
0.614,-3407480000000000.0,6.77236e+23,198749810.24319437
0.615,-3321530000000000.0,6.69766e+23,201643821.76934427
0.616,-3315360000000000.0,7.50786e+23,226456856.36412334
0.617,-2820000000000000.0,5.57052e+23,197536171.212766
0.618,-3286230000000000.0,6.32315e+23,192413496.09924743
0.619,-3653350000000000.0,6.6952e+23,183261938.673642
0.62,-3851200000000000.0,1.00776e+24,261674284.34025759
0.621,-3012950000000000.0,5.42861e+23,180175908.33334443
0.622,-3516830000000000.0,7.41091e+23,210726990.93127334
0.623,-3480790000000000.0,7.74274e+23,222442032.83760005
0.624,-3695410000000000.0,8.48116e+23,229505252.10880795
0.625,-3043210000000000.0,6.03739e+23,198388873.2763135
0.626,-3570810000000000.0,8.50202e+23,238097799.53870693
0.627,-3367890000000000.0,7.73503e+23,229669913.02206725
0.628,-3686340000000000.0,7.1594e+23,194214316.55418113
0.629,-3404080000000000.0,7.0913e+23,208317666.85979176
0.63,-3974100000000000.0,9.3407e+23,235039380.98540547
0.631,-3015100000000000.0,5.90686e+23,195909257.74106994
0.632,-4149560000000000.0,9.92074e+23,239079325.07291377
0.633,-3934080000000000.0,9.91067e+23,251918365.6494225
0.634,-3670640000000000.0,7.51339e+23,204688829.10627028
0.635,-3559030000000000.0,8.53681e+23,239863390.74383473
0.636,-3647600000000000.0,1.01029e+24,276973901.6470008
0.637,-3609100000000000.0,8.06321e+23,223413317.33925354
0.638,-3527950000000000.0,7.44855e+23,211129693.88113496
0.639,-3205740000000000.0,6.50178e+23,202816823.32495463
0.64,-3098890000000000.0,6.44674e+23,208033845.37653485
0.641,-3929080000000000.0,1.02973e+24,262079164.57009783
0.642,-3156890000000000.0,6.28736e+23,199163101.3931084
0.643,-2340850000000000.0,4.80061e+23,205079779.7128607
0.644,-3538720000000000.0,8.6735e+23,245102750.01659358
0.645,-3336630000000000.0,7.50922e+23,225054022.57266465
0.646,-3402900000000000.0,7.38821e+23,217115108.702254
0.647,-3273630000000000.0,8.02923e+23,245269930.7110547
0.648,-4070380000000000.0,1.114e+24,273684521.85554665
0.649,-3003400000000000.0,6.30674e+23,209986682.76067123
0.65,-4099870000000000.0,1.06499e+24,259761895.88935018
0.651,-2802040000000000.0,5.76326e+23,205680862.08692238
0.652,-3324540000000000.0,6.95337e+23,209152846.2056525
0.653,-4054840000000000.0,9.87544e+23,243546972.02721685
0.654,-3142550000000000.0,6.68531e+23,212735200.12173235
0.655,-3578340000000000.0,1.86536e+24,521291996.7298635
0.656,-3450160000000000.0,8.21932e+23,238230112.0673128
0.657,-3534920000000000.0,8.6972e+23,246036686.4129655
0.658,-3271530000000000.0,7.58535e+23,231859406.2324142
0.659,-3225320000000000.0,6.74342e+23,209077549.8943733
0.66,-3890130000000000.0,1.03117e+24,265073404.7165853
0.661,-4127890000000000.0,1.05996e+24,256780099.3068832
0.662,-3448580000000000.0,7.44597e+23,215914087.3775815
0.663,-3809950000000000.0,8.06963e+23,211804092.91721678
0.664,-3559960000000000.0,9.30448e+23,261364735.43521836
0.665,-3705140000000000.0,9.27907e+23,250437771.23270378
0.666,-3630710000000000.0,7.79238e+23,214624137.8768092
0.667,-3201870000000000.0,7.72357e+23,241220600.21233526
0.668,-3970310000000000.0,1.15636e+24,291251817.60877866
0.669,-3823540000000000.0,9.49851e+23,248421882.2932518
0.67,-3336130000000000.0,8.01197e+23,240157608.76708338
0.671,-2565020000000000.0,5.49453e+23,214210026.6528214
0.672,-3251270000000000.0,7.28475e+23,224058599.6399161
0.673,-3591460000000000.0,8.68218e+23,241745140.85955572
0.674,-3696820000000000.0,9.84082e+23,266196894.54634523
0.675,-2928800000000000.0,7.21986e+23,246512565.8729855
0.676,-3502520000000000.0,8.49223e+23,242460572.24584585
0.677,-3187630000000000.0,7.90392e+23,247956005.93156356
0.678,-3368410000000000.0,9.2211e+23,273752305.4997491
0.679,-3757800000000000.0,9.86886e+23,262623344.44563308
0.68,-3060270000000000.0,7.62995e+23,249322773.17369705
0.681,-3061820000000000.0,7.12102e+23,232574744.12663713
0.682,-2888870000000000.0,7.10442e+23,245923839.73279172
0.683,-3763440000000000.0,9.98075e+23,265202847.33207917
0.684,-4348850000000000.0,1.21764e+24,279991263.0577854
0.685,-3860490000000000.0,1.07281e+24,277894776.0156068
0.686,-3965470000000000.0,1.15619e+24,291564430.9414697
0.687,-4301380000000000.0,1.13101e+24,262941196.61629057
0.6880000000000001,-3432520000000000.0,8.25624e+23,240529990.62861106
0.6890000000000001,-3622250000000000.0,1.0965e+24,302712403.5122507
0.6900000000000001,-3291240000000000.0,7.88597e+23,239604830.79059565
0.6910000000000001,-2901170000000000.0,1.097e+24,378123309.8719379
0.6920000000000001,-4152840000000000.0,1.22339e+24,294591172.34298456
0.6930000000000001,-3375740000000000.0,8.53238e+23,252755841.20096335
0.6940000000000001,-3439640000000000.0,8.95263e+23,260278111.49993604
0.6950000000000001,-3810130000000000.0,1.04961e+24,275478790.4376307
0.6960000000000001,-3237670000000000.0,7.96356e+23,245965772.681487
0.6970000000000001,-3380390000000000.0,8.71793e+23,257897166.71164864
0.6980000000000001,-3280820000000000.0,1.02727e+24,313113795.7220512
0.6990000000000001,-3532240000000000.0,9.63024e+23,272638326.821575
0.7000000000000001,-3346880000000000.0,8.27897e+23,247363814.46209008
0.7010000000000001,-3231380000000000.0,8.95018e+23,276977020.106388
0.7020000000000001,-3602650000000000.0,1.29391e+24,359155067.40944856
0.7030000000000001,-3843240000000000.0,1.22607e+24,319019890.4682612
0.7040000000000001,-3877940000000000.0,1.09429e+24,282183325.13601035
0.705,-3869800000000000.0,1.21678e+24,314429687.28869706
0.706,-3349560000000000.0,1.07656e+24,321403409.20883936
0.707,-3474370000000000.0,9.26309e+23,266612077.43400097
0.708,-3694560000000000.0,9.68745e+23,262208491.32090425
0.709,-3359930000000000.0,8.75106e+23,260453641.40322268
0.71,-4051650000000000.0,1.39229e+24,343635310.0716128
0.711,-2552280000000000.0,6.37125e+23,249629743.8181861
0.712,-3202480000000000.0,8.53184e+23,266413530.51462615
0.713,-3254720000000000.0,1.18264e+24,363361519.0414905
0.714,-3959990000000000.0,1.15712e+24,292202759.08777297
0.715,-3969930000000000.0,1.38413e+24,348653503.70659685
0.716,-4223980000000000.0,1.64002e+24,388264149.9779781
0.717,-2977180000000000.0,7.7281e+23,259577856.55458525
0.718,-3120870000000000.0,7.8838e+23,252615457.58742595
0.719,-4117370000000000.0,1.25186e+24,304043601.64798653
0.72,-4093760000000000.0,1.3258e+24,323858751.87938714
0.721,-4029240000000000.0,1.75194e+24,434806565.0170355
0.722,-3949290000000000.0,1.16233e+24,294313662.4429429
0.723,-2877080000000000.0,7.49007e+23,260335827.60197145
0.724,-3634500000000000.0,1.03501e+24,284773697.5194662
0.725,-3092990000000000.0,9.7018e+23,313670591.593568
0.726,-3164170000000000.0,8.11144e+23,256352851.82659912
0.727,-3445530000000000.0,1.02417e+24,297245997.98740107
0.728,-3214490000000000.0,1.02192e+24,317910462.69065696
0.729,-3269500000000000.0,9.53925e+23,291764796.8403426
0.73,-3937250000000000.0,1.28208e+24,325628294.8599276
0.731,-3384490000000000.0,9.10333e+23,268971987.91678804
0.732,-3802090000000000.0,1.40974e+24,370780282.37156147
0.733,-3533400000000000.0,1.16587e+24,329956982.94373685
0.734,-3677390000000000.0,1.06796e+24,290412494.6435896
0.735,-3175090000000000.0,1.22231e+24,384968616.0628801
0.736,-3160920000000000.0,9.74313e+23,308237159.8018678
0.737,-3446880000000000.0,1.01693e+24,295029128.7909298
0.738,-4107850000000000.0,1.23154e+24,299801600.376803
0.739,-3730290000000000.0,1.09197e+24,292730592.99150735
0.74,-3572230000000000.0,1.1245e+24,314789362.26733166
0.741,-3894210000000000.0,1.25794e+24,323028291.71878505
0.742,-4272710000000000.0,1.61976e+24,379094299.46631294
0.743,-3445310000000000.0,1.08768e+24,315698733.4798059
0.744,-3303070000000000.0,9.59638e+23,290529114.82441187
0.745,-3645780000000000.0,1.26129e+24,345958890.45575434
0.746,-3324110000000000.0,1.01094e+24,304123510.75148237
0.747,-3209380000000000.0,9.54672e+23,297463062.4012675
0.748,-3299280000000000.0,1.01835e+24,308658253.7096821
0.749,-4052380000000000.0,1.30679e+24,322474694.88359433
0.75,-4161670000000000.0,1.63138e+24,392001288.944503
0.751,-3446250000000000.0,1.10297e+24,320049329.9807762
0.752,-3259130000000000.0,9.47298e+23,290659778.30253166
0.753,-3689360000000000.0,1.13425e+24,307438147.45358545
0.754,-3900560000000000.0,1.39102e+24,356620588.813032
0.755,-3976590000000000.0,1.24779e+24,313783921.3941065
0.756,-3814960000000000.0,1.29028e+24,338215866.959276
0.757,-3663880000000000.0,1.23817e+24,337939562.3393452
0.758,-3366500000000000.0,1.04754e+24,311165900.3019457
0.759,-3283640000000000.0,9.97042e+23,303639254.9986113
0.76,-3157750000000000.0,1.15538e+24,365887104.15889484
0.761,-4000400000000000.0,1.54486e+24,386176383.36176383
0.762,-3813200000000000.0,1.31633e+24,345203504.61900765
0.763,-2997840000000000.0,9.14849e+23,305169389.6264777
0.764,-3196420000000000.0,9.78593e+23,306152821.9684585
0.765,-4309350000000000.0,1.77919e+24,412867370.7889473
0.766,-3439060000000000.0,1.05677e+24,307284549.68481505
0.767,-3888680000000000.0,1.3795e+24,354747627.4439347
0.768,-3423870000000000.0,1.38047e+24,403189958.56264114
0.769,-3626350000000000.0,1.28119e+24,353300151.28885794
0.77,-4337590000000000.0,1.36324e+24,314285122.4614567
0.771,-3737940000000000.0,1.27985e+24,342394474.96159387
0.772,-3223470000000000.0,1.06992e+24,331915607.47376895
0.773,-3346720000000000.0,1.19998e+24,358554047.947459
0.774,-4525910000000000.0,1.69418e+24,374329141.4380556
0.775,-3706900000000000.0,1.34154e+24,361903478.2990909
0.776,-4879550000000000.0,1.88488e+24,386281522.86164707
0.777,-3455580000000000.0,1.06713e+24,308813572.0937093
0.778,-3345120000000000.0,1.02788e+24,307277467.87712246
0.779,-4080620000000000.0,1.51817e+24,372043955.10501343
0.78,-3469350000000000.0,1.16648e+24,336224365.79455805
0.781,-3304590000000000.0,1.0765e+24,325759021.02971625
0.782,-3701540000000000.0,1.28828e+24,348038925.3395992
0.783,-3804630000000000.0,1.34594e+24,353763704.69786286
0.784,-3872440000000000.0,1.4508e+24,374647510.06405264
0.785,-2889040000000000.0,8.64778e+23,299330574.477695
0.786,-3685560000000000.0,1.28164e+24,347746340.7692617
0.787,-3807270000000000.0,1.52421e+24,400341978.32233334
0.788,-3251580000000000.0,1.03172e+24,317298053.02393913
0.789,-3458120000000000.0,1.09933e+24,317898165.3204979
0.79,-2959740000000000.0,1.06933e+24,361291871.23184466
0.791,-4011420000000000.0,1.67277e+24,417001960.4058962
0.792,-3465900000000000.0,1.52341e+24,439542399.79973465
0.793,-2777770000000000.0,8.28805e+23,298370636.4377792
0.794,-3083560000000000.0,1.0446e+24,338764286.43631387
0.795,-3611160000000000.0,1.38021e+24,382206826.5075931
0.796,-3881540000000000.0,1.68479e+24,434051949.45344883
0.797,-3539060000000000.0,1.84424e+24,521110126.2875057
0.798,-3479490000000000.0,1.16693e+24,335373863.2614234
0.799,-3366370000000000.0,1.23485e+24,366819453.4071924
0.8,-3059470000000000.0,1.07308e+24,350740488.7315352
0.801,-3078360000000000.0,1.05956e+24,344196261.3464182
0.802,-3323590000000000.0,1.0724e+24,322663145.3709964
0.803,-3617040000000000.0,1.16035e+24,320800987.4419525
0.804,-3080810000000000.0,1.09098e+24,354121157.44911563
0.805,-2941230000000000.0,1.58625e+24,539315185.4636428
0.806,-3509380000000000.0,1.28422e+24,365939283.72230417
0.807,-3901320000000000.0,1.54962e+24,397204024.253668
0.808,-2984810000000000.0,1.16397e+24,389964521.3547294
0.809,-3485280000000000.0,1.47931e+24,424445095.7986962
0.81,-3330550000000000.0,1.52798e+24,458777079.8608488
0.811,-4106630000000000.0,1.52867e+24,372244396.03924143
0.812,-2945550000000000.0,9.84933e+23,334379997.9445435
0.8130000000000001,-3265700000000000.0,1.7071e+24,522736320.9314083
0.8140000000000001,-3812190000000000.0,1.63865e+24,429844788.37943274
0.8150000000000001,-3722390000000000.0,1.49809e+24,402453800.84364885
0.8160000000000001,-3668300000000000.0,1.3209e+24,360085054.0218357
0.8170000000000001,-3037620000000000.0,9.91713e+23,326476979.68726176
0.8180000000000001,-3380710000000000.0,1.3013e+24,384919145.20343655
0.8190000000000001,-3996490000000000.0,1.51225e+24,378394542.2099117
0.8200000000000001,-3264400000000000.0,1.37159e+24,420166034.5743169
0.8210000000000001,-4308510000000000.0,1.69651e+24,393757935.8777188
0.8220000000000001,-3168910000000000.0,1.33139e+24,420141311.41904
0.8230000000000001,-3773490000000000.0,1.61377e+24,427659806.644112
0.8240000000000001,-3925160000000000.0,1.49384e+24,380580665.22770023
0.8250000000000001,-3577650000000000.0,1.27824e+24,357284810.8612218
0.8260000000000001,-4048780000000000.0,1.86238e+24,459985478.106684
0.8270000000000001,-3720180000000000.0,1.3917e+24,374094802.8644259
0.8280000000000001,-3560450000000000.0,1.44497e+24,405839150.54570353
0.8290000000000001,-4883070000000000.0,2.19257e+24,449014657.7630609
0.8300000000000001,-3533930000000000.0,1.73782e+24,491752808.78057283
0.8310000000000001,-3305370000000000.0,1.29013e+24,390313339.59749436
0.8320000000000001,-3823520000000000.0,1.55602e+24,406960079.6709629
0.8330000000000001,-3099340000000000.0,1.15816e+24,373679558.5832274
0.834,-4098210000000000.0,1.53292e+24,374046230.93941253
0.835,-3119220000000000.0,1.10745e+24,355040684.24773496
0.836,-3977190000000000.0,1.74971e+24,439936237.3880026
0.837,-3393280000000000.0,1.24601e+24,367199289.0045266
0.838,-3636580000000000.0,1.40585e+24,386585749.14798516
0.839,-3348730000000000.0,1.24987e+24,373237019.2128747
0.84,-3573950000000000.0,1.38797e+24,388357420.66171885
0.841,-3305330000000000.0,1.26027e+24,381284169.2978704
0.842,-3634190000000000.0,1.35427e+24,372647000.74409705
0.843,-3292780000000000.0,1.262e+24,383262775.9196727
0.844,-3296210000000000.0,1.60347e+24,486458691.4353788
0.845,-3673760000000000.0,1.40245e+24,381747856.05857754
0.846,-3318880000000000.0,1.11248e+24,335197416.9957576
0.847,-3231010000000000.0,1.52678e+24,472539547.4576092
0.848,-3733310000000000.0,1.40744e+24,376995214.36294067
0.849,-2803550000000000.0,1.10067e+24,392598670.543971
0.85,-3134790000000000.0,1.10367e+24,352071431.62214696
0.851,-3701350000000000.0,1.40536e+24,379688493.03668934
0.852,-3310980000000000.0,1.42501e+24,430389190.9075198
0.853,-3063340000000000.0,1.19792e+24,391050292.5118792
0.854,-3323540000000000.0,1.30699e+24,393252376.47915775
0.855,-3064060000000000.0,1.20945e+24,394721383.7405469
0.856,-3224410000000000.0,1.15826e+24,359216105.6517037
0.857,-4527790000000000.0,2.00314e+24,442410095.10772145
0.858,-3952300000000000.0,1.79816e+24,454965464.14804035
0.859,-3078860000000000.0,1.17927e+24,383021638.87895525
0.86,-3238540000000000.0,1.22921e+24,379556838.340283
0.861,-3253860000000000.0,1.25978e+24,387164783.7503334
0.862,-4307240000000000.0,2.03885e+24,473354167.47319394
0.863,-4033870000000000.0,1.64863e+24,408696860.34350884
0.864,-3578030000000000.0,1.47256e+24,411556080.7422045
0.865,-3734490000000000.0,1.66959e+24,447073095.3180996
0.866,-3855670000000000.0,1.43182e+24,371354395.95599985
0.867,-3582540000000000.0,1.5482e+24,432151491.2834302
0.868,-3326190000000000.0,1.58309e+24,475946955.32311445
0.869,-3595270000000000.0,1.51448e+24,421242355.5380458
0.87,-3413890000000000.0,1.33792e+24,391904836.83243746
0.871,-3454760000000000.0,2.05725e+24,595482755.2289479
0.872,-3107080000000000.0,1.26241e+24,406301093.9876283
0.873,-3883170000000000.0,1.88339e+24,485013533.7580302
0.874,-3227630000000000.0,2.25244e+24,697861899.6686827
0.875,-3535030000000000.0,1.53822e+24,435136336.47664374
0.876,-3055800000000000.0,1.19192e+24,390051705.9545127
0.877,-3407810000000000.0,1.40304e+24,411713095.3333109
0.878,-3530660000000000.0,1.48265e+24,419935650.4253199
0.879,-3106420000000000.0,1.22856e+24,395490630.0842835
0.88,-3695000000000000.0,1.6113e+24,436075779.0784845
0.881,-2929430000000000.0,1.19041e+24,406362330.87304693
0.882,-3492280000000000.0,1.71185e+24,490181200.6747111
0.883,-3193630000000000.0,1.34448e+24,420988030.29581696
0.884,-2873170000000000.0,1.22102e+24,424973114.32082677
0.885,-3323070000000000.0,1.48613e+24,447215978.9962504
0.886,-3115680000000000.0,1.23482e+24,396324398.88425
0.887,-3881590000000000.0,1.98673e+24,511834068.9979081
0.888,-3467330000000000.0,1.45717e+24,420257086.4230777
0.889,-3647920000000000.0,1.58469e+24,434409198.5701222
0.89,-3812800000000000.0,1.97445e+24,517847776.9127151
0.891,-3683980000000000.0,1.50823e+24,409402332.1744364
0.892,-3306960000000000.0,1.33289e+24,403055979.9050972
0.893,-3570310000000000.0,1.42061e+24,397895421.8458089
0.894,-3777320000000000.0,2.25112e+24,595956922.8387641
0.895,-3597890000000000.0,1.84851e+24,513776130.89835715
0.896,-2987920000000000.0,1.14213e+24,382249191.0720234
0.897,-3712300000000000.0,1.79853e+24,484478626.11111706
0.898,-3683790000000000.0,1.89138e+24,513433177.15825003
0.899,-2923750000000000.0,1.03311e+24,353351005.70286447
0.9,-3573460000000000.0,1.55669e+24,435625417.2632295
0.901,-3219530000000000.0,1.50325e+24,466915979.41921026
0.902,-4033810000000000.0,2.26178e+24,560705636.6149645
0.903,-3275600000000000.0,1.68964e+24,515826109.19391865
0.904,-3169180000000000.0,1.3695e+24,432130709.8899968
0.905,-3625210000000000.0,2.8383e+24,782933955.1709307
0.906,-2981970000000000.0,1.16369e+24,390242022.21416384
0.907,-3119210000000000.0,1.23972e+24,397446790.4114215
0.908,-3658360000000000.0,1.70248e+24,465366996.0469609
0.909,-3983300000000000.0,2.02104e+24,507378305.4209575
0.91,-3052550000000000.0,1.35931e+24,445303108.2382107
0.911,-3791070000000000.0,1.73051e+24,456470074.09282076
0.912,-3730620000000000.0,1.74827e+24,468627199.6961952
0.913,-3802920000000000.0,1.81756e+24,477938006.5325908
0.914,-3356500000000000.0,1.58473e+24,472137644.3785193
0.915,-3309970000000000.0,1.33905e+24,404550495.41535723
0.916,-3557570000000000.0,1.98285e+24,557360783.7815053
0.917,-3764800000000000.0,1.76934e+24,469969189.27029324
0.918,-3573220000000000.0,1.8521e+24,518328007.6718534
0.919,-3645530000000000.0,1.74298e+24,478114294.39492476
0.92,-3860270000000000.0,1.96617e+24,509334840.2729006
0.921,-3660000000000000.0,1.56261e+24,426942623.9508197
0.922,-3508020000000000.0,1.69453e+24,483044567.4505904
0.923,-3547980000000000.0,1.59614e+24,449872886.4164905
0.924,-3486500000000000.0,1.66697e+24,478121326.111143
0.925,-4423650000000000.0,2.42189e+24,547486804.8836708
0.926,-2998380000000000.0,1.16444e+24,388356380.1113868
0.927,-3698610000000000.0,1.70378e+24,460654138.6354901
0.928,-3605000000000000.0,1.86879e+24,518388350.51456314
0.929,-3970360000000000.0,2.01801e+24,508268772.59753776
0.93,-2895230000000000.0,1.30502e+24,450748300.789654
0.931,-3728090000000000.0,1.63448e+24,438422893.1512088
0.932,-3453680000000000.0,1.52892e+24,442693012.5123579
0.933,-3753120000000000.0,1.74873e+24,465940338.63908434
0.934,-3118840000000000.0,1.34506e+24,431269319.0797989
0.935,-3383190000000000.0,1.81274e+24,535807921.92669934
0.936,-3600770000000000.0,1.98513e+24,551307082.5408926
0.937,-3522050000000000.0,1.76512e+24,501162676.1465766
0.9380000000000001,-3937350000000000.0,2.05215e+24,521200808.64981526
0.9390000000000001,-3870930000000000.0,2.21025e+24,570986818.121467
0.9400000000000001,-3145750000000000.0,1.37167e+24,436039101.37351984
0.9410000000000001,-3930180000000000.0,1.93644e+24,492710258.54545593
0.9420000000000001,-3240990000000000.0,1.45232e+24,448109992.0829716
0.9430000000000001,-3924680000000000.0,2.16506e+24,551652619.8122344
0.9440000000000001,-3125420000000000.0,1.62548e+24,520083701.7506191
0.9450000000000001,-3397260000000000.0,1.45062e+24,426997051.5642783
0.9460000000000001,-3408130000000000.0,1.5036e+24,441180355.0357909
0.9470000000000001,-4065590000000000.0,2.19198e+24,539154219.698885
0.9480000000000001,-3791350000000000.0,2.00268e+24,528223457.02489877
0.9490000000000001,-3420430000000000.0,1.8091e+24,528910108.7934646
0.9500000000000001,-3380460000000000.0,1.71306e+24,506753519.7518859
0.9510000000000001,-3916910000000000.0,2.06448e+24,527068532.06147444
0.9520000000000001,-3350720000000000.0,1.54788e+24,461954446.6116895
0.9530000000000001,-3219920000000000.0,1.60863e+24,499586947.2595344
0.9540000000000001,-2902190000000000.0,1.49769e+24,516055117.99785334
0.9550000000000001,-3073880000000000.0,1.42468e+24,463479382.1079157
0.9560000000000001,-3142090000000000.0,1.4289e+24,454761004.0266478
0.9570000000000001,-3075150000000000.0,1.42604e+24,463730225.54189223
0.9580000000000001,-3677180000000000.0,1.89843e+24,516273340.89633363
0.9590000000000001,-3121430000000000.0,1.47892e+24,473795665.1667441
0.9600000000000001,-3695400000000000.0,2.18773e+24,592014397.2764518
0.961,-2992290000000000.0,1.46854e+24,490774625.1173148
0.962,-3232390000000000.0,2.53739e+24,784988817.3247628
0.963,-3579090000000000.0,1.74922e+24,488733170.60456425
0.964,-3019510000000000.0,1.33171e+24,441035135.83975875
0.965,-3514960000000000.0,2.09628e+24,596388011.1053782
0.966,-3533620000000000.0,2.39448e+24,677628042.4985199
0.967,-3671930000000000.0,2.28081e+24,621147462.9614208
0.968,-4105900000000000.0,2.21197e+24,538729633.9671935
0.969,-3722400000000000.0,3.23777e+24,869807114.6900924
0.97,-3414180000000000.0,1.53525e+24,449668735.51311886
0.971,-3516870000000000.0,2.26537e+24,644143799.3206658
0.972,-3162210000000000.0,1.73904e+24,549944501.8396027
0.973,-3855780000000000.0,2.20593e+24,572109924.2840048
0.974,-4157430000000000.0,2.32165e+24,558433937.350101
0.975,-3957250000000000.0,2.34944e+24,593705225.5877819
0.976,-3783950000000000.0,2.22749e+24,588667927.3732343
0.977,-3572520000000000.0,1.84707e+24,517021599.1995902
0.978,-4097380000000000.0,2.44556e+24,596859457.5307586
0.979,-4101690000000000.0,2.86416e+24,698287779.9399004
0.98,-3038610000000000.0,1.51125e+24,497349117.8659354
0.981,-3243780000000000.0,1.66601e+24,513601416.6323795
0.982,-2723350000000000.0,1.36609e+24,501621166.1091486
0.983,-3300260000000000.0,1.50519e+24,456082249.0653039
0.984,-2896790000000000.0,1.36632e+24,471666915.06694996
0.985,-3926450000000000.0,2.34486e+24,597195941.3532453
0.986,-3105650000000000.0,1.48038e+24,476673161.208008
0.987,-3993080000000000.0,2.23073e+24,558648963.7054805
0.988,-3261300000000000.0,1.68683e+24,517226260.46708363
0.989,-3761130000000000.0,2.73481e+24,727124561.9697087
0.99,-3776050000000000.0,2.10919e+24,558570464.8444936
0.991,-3569070000000000.0,2.17829e+24,610324259.1400757
0.992,-3896990000000000.0,2.24791e+24,576832376.7566737
0.993,-2844410000000000.0,1.54858e+24,544429249.9479365
0.994,-3944370000000000.0,2.27949e+24,577909781.2690923
0.995,-3402300000000000.0,1.90049e+24,558589778.5034535
0.996,-3998670000000000.0,2.31301e+24,578444833.9069417
0.997,-3382270000000000.0,2.17249e+24,642317143.0377439
0.998,-3561640000000000.0,2.08746e+24,586095170.6409519
0.999,-3005560000000000.0,1.55504e+24,517387775.65763456
1.0,-3354320000000000.0,1.86752e+24,556750698.6078609
